-- phpMyAdmin SQL Dump
-- version 4.0.10.18
-- https://www.phpmyadmin.net
--
-- Host: localhost:3306
-- Generation Time: Jun 03, 2018 at 11:16 AM
-- Server version: 5.6.39-cll-lve
-- PHP Version: 5.6.30

SET SQL_MODE = "NO_AUTO_VALUE_ON_ZERO";
SET time_zone = "+00:00";


/*!40101 SET @OLD_CHARACTER_SET_CLIENT=@@CHARACTER_SET_CLIENT */;
/*!40101 SET @OLD_CHARACTER_SET_RESULTS=@@CHARACTER_SET_RESULTS */;
/*!40101 SET @OLD_COLLATION_CONNECTION=@@COLLATION_CONNECTION */;
/*!40101 SET NAMES utf8 */;

--
-- Database: `buildmyrig_staging`
--

-- --------------------------------------------------------

--
-- Table structure for table `dealers`
--

CREATE TABLE IF NOT EXISTS `dealers` (
  `index` int(11) unsigned NOT NULL AUTO_INCREMENT,
  `username` varchar(100) NOT NULL DEFAULT '',
  `password` varchar(200) NOT NULL DEFAULT '',
  `email` varchar(100) NOT NULL,
  `phone` varchar(12) DEFAULT NULL,
  `created_on` timestamp NULL DEFAULT CURRENT_TIMESTAMP,
  `last_login` int(11) unsigned DEFAULT NULL,
  `active` tinyint(1) unsigned DEFAULT '1',
  `company_name` varchar(100) DEFAULT NULL,
  `logo` varchar(128) DEFAULT NULL,
  `type_id` int(11) DEFAULT NULL,
  `footer` text NOT NULL,
  PRIMARY KEY (`index`)
) ENGINE=InnoDB  DEFAULT CHARSET=utf8 AUTO_INCREMENT=21 ;

--
-- Dumping data for table `dealers`
--

INSERT INTO `dealers` (`index`, `username`, `password`, `email`, `phone`, `created_on`, `last_login`, `active`, `company_name`, `logo`, `type_id`, `footer`) VALUES
(1, 'cjsdealer', '5571d5d9fd75a9123ecd1b30275474616e81769e', 'CJ%20Spray%20Dealer', '', '2018-01-24 16:22:58', NULL, 1, 'Dealer', 'cjspray.png', 1, '©2018 CJ Spray Inc. - Minneapolis | St. Paul, Minnesota <br /> 2845 W Service Rd, Eagan, MN 55121 <br /> Toll Free: 1-888-CJSPRAY (888-257-7729) Local: 651-455-0880 Fax: 651-450-5671 <br /> Email: customerservice@cjspray.com'),
(2, 'jaytord', '5571d5d9fd75a9123ecd1b30275474616e81769e', 'Sherwin%20Williams', '', '2018-01-24 16:22:58', NULL, 1, 'Dealer', '', 2, ''),
(3, 'cbryntesen', '5571d5d9fd75a9123ecd1b30275474616e81769e', 'Chris%20Bryntesen', '', '2018-01-24 16:22:58', NULL, 1, 'Dealer', '', 2, ''),
(4, 'rhino', '5571d5d9fd75a9123ecd1b30275474616e81769e', 'Rhino', '', '2018-01-24 16:22:58', NULL, 1, 'Dealer', 'rhino.png', 2, '©2018 Rhino Liners, Inc. <br /> 9151, Rehco Road, San Diego, CA 92121 <br /> Toll Free: (800) 422-2603 Local: (858) 450-0441 Fax: (858) 450-6881 <br /> www.rhinolinings.com'),
(5, 'basf', '5571d5d9fd75a9123ecd1b30275474616e81769e', 'BASF', '', '2018-01-24 16:22:58', NULL, 1, 'Dealer', 'basf.png', 2, '©2018 BASF <br /> 1213 Greenville HWY, Central, SC 29630 <br /> Toll Free: (800) 706-0712 <br /> www.spf.basf.com'),
(6, 'diamondliners', '5571d5d9fd75a9123ecd1b30275474616e81769e', 'Diamond%20Liners', '', '2018-01-24 16:22:58', NULL, 1, 'Dealer', 'diamond.png', 2, '©2018 Diamond Liners <br /> 9507 Santa Fe Springs Road, Santa Fe Springs, CA 90670 <br /> (800) 543-1212 Fax: 651-450-5671 <br /> www.diamondliners.com'),
(7, 'swd', '5571d5d9fd75a9123ecd1b30275474616e81769e', 'SWD', '', '2018-01-24 16:22:58', NULL, 1, 'Dealer', 'swd.png', 2, '©2018 SWD Urethane <br /> 540 South Drew Street, Mesa, AZ 85210 <br /> Toll Free: (800) 828-1394 <br /> Email: customerservice@cjspray.com'),
(8, 'lapolla', '6c0481153b4a3ce1a93d5dad0e08bc22700bd906', 'Lapolla', '', '2018-01-24 16:22:58', NULL, 1, 'Dealer', 'lapolla_logo.jpg', 2, '©2018 Lapolla Industries, Inc. <br /> 15402 Vantage Pkwy E, Suite 322, Houston, TX 77032 <br /> Toll Free: (888) 4-lapolla <br /> Email: info@lapolla.com'),
(9, 'mcc', '5571d5d9fd75a9123ecd1b30275474616e81769e', 'MCC', '', '2018-01-24 16:22:58', NULL, 1, 'Dealer', '', 2, '©2018 MCC Equipment <br /> 2705 E Main Street, Plainfield, IN 46168 <br /> Local: (317) 209-1111 Fax: (317) 876-3554 <br /> www.mccind.com'),
(10, 'parkerlajoie', '5571d5d9fd75a9123ecd1b30275474616e81769e', 'Parker-Lajoie', '', '2018-01-24 16:22:58', NULL, 1, 'Dealer', '', 2, '©2018 Parker-Lajoie'),
(11, 'polysource', '5571d5d9fd75a9123ecd1b30275474616e81769e', 'Polysource', '', '2018-01-24 16:22:58', NULL, 1, 'Dealer', 'psi-logo.jpg', 1, '©2018 Poly-Source Industries <br /> 1-19725 Telegraph Trail, Langley, BC V1M 3E6, Canada <br /> Local: (604) 888-3503 Fax: (604) 888-3503 <br /> Email: info@polysource.ca'),
(12, 'swrep', '5571d5d9fd75a9123ecd1b30275474616e81769e', 'SWREP', '', '2018-01-24 16:22:58', NULL, 1, 'Dealer', 'sherwin.png', 1, '©2018 The Sherwin-Williams Company <br />'),
(13, 'csi', '5571d5d9fd75a9123ecd1b30275474616e81769e', 'CSI', '', '2018-01-24 16:22:58', NULL, 1, 'Dealer', 'csi.png', 1, '©2018 CSI Wholesale <br /> 9792 Ulysses St NE, Blaine, MN 55434 <br /> Toll Free: (877) 786-2901 Local: (763) 786-2900 Fax: (763) 786-2906 <br /> Email: info@centralstatesinsulation.com'),
(14, 'idi', '5571d5d9fd75a9123ecd1b30275474616e81769e', 'IDI', '', '2018-01-24 16:22:58', NULL, 1, 'Dealer', 'idi.png', 2, '©2018 IDI Distributors <br /> Minneapolis, MN <br /> Toll Free: (888) 843-1318 <br /> idi-insulation.com'),
(15, 'paintpumppros', '5571d5d9fd75a9123ecd1b30275474616e81769e', 'Paint%20Pump%20Pros', '', '2018-01-24 16:22:58', NULL, 1, 'Dealer', 'paint_pump_pros.png', 1, ''),
(16, 'sprayequip', '5571d5d9fd75a9123ecd1b30275474616e81769e', 'Spray%20Equipment%20%26%20Service%20Center', '', '2018-01-24 16:22:58', NULL, 1, 'Dealer', 'sprayequip-logo.png', 2, '©2018 Spray Equipment & Service Center <br /> http://www.sprayequipment.com <br /> Corporate Office <br /> (800) 666-6072 <br /> 311 Pattie Wichita, KS 67211 <br /> Arlington, TX <br /> (800) 666-6072 <br /> 1312 E Corporate Dr, Suite F <br />  Arlington, TX 76006 <br /> Wichita, KS <br /> (800) 666-6072 <br /> 311 Pattie - Wichita, KS 67211 <br /> Columbus, IN <br /> (800) 666-6072 <br /> 4412 N Long Rd - Columbus, IN 47203 <br /> Omaha, NE <br /> (800) 666-6072 <br /> 9855 S 140th St #8 <br /> Omaha, NE 68138'),
(17, 'general', '5571d5d9fd75a9123ecd1b30275474616e81769e', 'General%20Insulation%20Company', '', '2018-01-24 16:22:58', NULL, 1, 'Dealer', 'GIC_logo-cmyk1.png', 1, '©2018 General Insulation Company, Inc. <br /> Medford, MA <br /> Toll Free: (800) 442-6662 <br />http://www.generalinsulation.com/'),
(18, 'accella', '5571d5d9fd75a9123ecd1b30275474616e81769e', 'Accella', '', '2018-01-24 16:22:58', NULL, 1, 'Dealer', 'accella-logo.jpg', 2, '©2018 Accella Polyurethane Systems.  http://accellapolyurethane.com'),
(19, 'jm', '5571d5d9fd75a9123ecd1b30275474616e81769e', 'Johns%20Manville', '', '2018-01-24 16:22:58', NULL, 1, 'Dealer', 'jm.jpg', 2, '©2018 Johns Manville. A Berkshire Hathaway Company'),
(20, 'rgarcia', '42705618bf19ec588884919a218765471547d5f7', 'Lapolla', '', '2018-01-24 16:22:58', NULL, 1, 'Dealer', 'lapolla_logo.jpg', 1, '©2018 Lapolla Industries, Inc. <br /> 15402 Vantage Pkwy E, Suite 322, Houston, TX 77032 <br /> Toll Free: (888) 4-lapolla <br /> Email: rgarcia@lapolla.com');

-- --------------------------------------------------------

--
-- Table structure for table `dealer_types`
--

CREATE TABLE IF NOT EXISTS `dealer_types` (
  `id` int(11) unsigned NOT NULL AUTO_INCREMENT,
  `name` varchar(64) DEFAULT NULL,
  PRIMARY KEY (`id`)
) ENGINE=InnoDB  DEFAULT CHARSET=utf8 AUTO_INCREMENT=3 ;

--
-- Dumping data for table `dealer_types`
--

INSERT INTO `dealer_types` (`id`, `name`) VALUES
(1, 'CJ Spray Dealer'),
(2, 'Graco Dealer');

-- --------------------------------------------------------

--
-- Table structure for table `info`
--

CREATE TABLE IF NOT EXISTS `info` (
  `index` int(11) unsigned NOT NULL AUTO_INCREMENT,
  `id` varchar(10) DEFAULT NULL,
  `dealer_only` varchar(100) DEFAULT NULL,
  `description` text,
  `image` varchar(100) DEFAULT NULL,
  PRIMARY KEY (`index`)
) ENGINE=InnoDB  DEFAULT CHARSET=latin1 AUTO_INCREMENT=160 ;

--
-- Dumping data for table `info`
--

INSERT INTO `info` (`index`, `id`, `dealer_only`, `description`, `image`) VALUES
(1, 'A-1', '0', 'Good%20balance%20of%20solvent%20resistance%20and%20feel.', 'info/dermamedgloveimage_425_detail.jpg'),
(2, 'A-2', '0', 'Gun%20cleaner%20for%20quick%20cleans%20on%20the%20jobsite.', ''),
(3, 'A-3', '0', 'Gun%20cleaner%20for%20complete%20gun%20tear%20downs%20and%20soaks.', ''),
(4, 'A-4', '0', '25%20Pack%20of%20coverals.%20%20Elastic%20wrist%20and%20ankles.%20%20No%20hood.', 'info/Coverall.jpg'),
(5, 'A-5', '0', 'Old%20fasion%20stretch%20sock.', 'info/Farbic_Strech_Sock.jpg'),
(6, 'A-6', '0', '3M%20full%20face%20mask%20can%20be%20used%20with%20cartridges%20or%20hook-up%20to%20fresh%20air%20supply%20with%20additional%20back%20mounted%20%22Y%22%20adapter.', 'info/3M_Full_Face_Mask.jpg'),
(7, 'A-7', '0', '3M%20tear-offs%20for%206000%20series%20mask.', 'info/Tear_offs.jpg'),
(8, 'A-8', '0', '3M%20Organic%20Vapor%20Cartridge%20of%206000%20and%207000%20series%20masks.', 'info/6001.jpg'),
(9, 'A-9', '0', 'Open%20bung%20plugs%20from%2055%20gallon%20drums%20with%20ease.', 'info/Bung_Wrench.jpg'),
(10, 'A-10', '0', 'Extra%20Throat%20Seal%20Liquid%20for%20wet%20cup%20of%20Reactors.', 'info/206996_TSL_1gallon.jpg'),
(11, 'A-11', '0', '110%20Volt%20band%20warmers%20help%20heat%2055%20gallon%20drums%20in%20cool%20weather.', 'info/band_warmer.jpg'),
(12, 'A-12', '0', 'Replacement%20desiccant%20cartridges.', 'info/P1070068.JPG'),
(13, 'A-13', '0', 'Help%20contain%20spills%20with%20this%203M%20kit.', 'info/Chemical_Spill_Kit.jpg'),
(14, 'A-14', '0', 'RAS%20-%20Respiratory%20Alarm%20Shutdown%20System', ''),
(15, 'B', '0', 'Use%20this%20configurator%20tool%20to%20help%20build%20and%20price%20your%20own%20customized%20CJ%20Spray%20Mobile%20Spray%20Rig.%20For%20more%20detailed%20information%20see%20our%20Mobile%20Spray%20Rigs%20brochure.%20If%20you%20have%20any%20questions%20or%20need%20advice%20please%20call.%3Cbr%20%2F%3E%3Cbr%20%2F%3E1-888-CJSPRAY%20%28888-257-7729%29', 'info/cover.jpg'),
(16, 'B-A', '0', '16%92%20Spray%20foam%20starter%20rig%20with%20Graco%20Reactor%20E20.%20Plenty%20of%20power%20for%20residential%20insulation%2C%20without%20sacrificing%20performance%20or%20reliability.%20Standard%20features%20include%3A%3Cbr%20%2F%3E%3Cbr%20%2F%3E%3Cul%3E%3Cli%3E9%2C950%20lb%20gvw%3C%2Fli%3E%3Cbr%20%2F%3E%3Cli%3EFully%20insulated%20walls%20and%20ceiling%20with%20SPF%3C%2Fli%3E%3Cbr%20%2F%3E%3Cli%3EGenerator%20mounted%20in%20%93dog%20house%94%3C%2Fli%3E%3Cbr%20%2F%3E%3Cli%3EGalvanized%20steel%20work%20bench%2C%20vise%2C%20blow%20gun%2C%20and%20overhead%20aluminum%20premium%20cabinet%3C%2Fli%3E%3Cbr%20%2F%3E%3Cli%3EBarrel%20brace%20system%20for%20two%20sets%20of%20material%3C%2Fli%3E%3Cbr%20%2F%3E%3Cli%3EHeated%20hose%20wrap%3C%2Fli%3E%3Cbr%20%2F%3E%3Cli%3EEpoxy%20floor%20coating%2C%20white%20board%20walls%2C%20white%20ceiling%20board%2C%20and%20premium%20white%20aluminum%20trim%20throughout%20trailer%3C%2Fli%3E%3Cbr%20%2F%3E%3Cli%3E48%20in.%20curbside%20door%20with%20hose%20hatch%3C%2Fli%3E%3Cbr%20%2F%3E%3Cli%3ERear%20ramp%20door%3C%2Fli%3E%3Cbr%20%2F%3E%3Cli%3EBogey%20wheels%20at%20rear%20of%20trailer%20to%20prevent%20damage%3C%2Fli%3E%3Cbr%20%2F%3E%3Cli%3ELED%20lights%20and%20accents%3C%2Fli%3E%3Cbr%20%2F%3E%3Cli%3ERV%20style%20locks%20and%20latches%3C%2Fli%3E%3C%2Ful%3E', 'info/PC030203.jpg'),
(17, 'B-B', '0', '20%92%20Premium%20Rigs%20for%20foam%20and%20coating%20applications%20offer%20high%20performance%20and%20a%20professional%20appearance.%20Compact%2020%92%20layout%20is%20maneuverable%20and%20can%20be%20handled%20with%20smaller%20pick-up%20trucks.%20Standard%20features%20include%3A%3Cbr%20%2F%3E%3Cbr%20%2F%3E%3Cul%3E%3Cli%3E14%2C000%20lb%20gvw%3C%2Fli%3E%3Cbr%20%2F%3E%3Cli%3EUrethane%20foam%20insulation%20sprayed%20in%20walls%2C%20ceiling%20and%20floor%3C%2Fli%3E%3Cbr%20%2F%3E%3Cli%3EWhite%20board%20walls%20and%20ceiling%2C%20with%20white%20aluminum%20trim%20accent%20for%20a%20professional%20fit%20and%20finish%3C%2Fli%3E%3Cbr%20%2F%3E%3Cli%3EGalvanized%20steel%20work%20bench%20with%20vise%2C%20blow%20gun%2C%20grinder%2C%20overhead%20aluminum%20cabinet%20with%20light%2C%20and%206-drawer%20tool%20box%3C%2Fli%3E%3Cbr%20%2F%3E%3Cli%3EIndustrial%20rubber%20floor%20in%20spray%20room%3C%2Fli%3E%3Cbr%20%2F%3E%3Cli%3EShore%20power%20hook-up%2C%20110%20volt%3C%2Fli%3E%3Cbr%20%2F%3E%3Cli%3EBarrel%20brace%20system%20for%20two%20sets%20of%20material%3C%2Fli%3E%3Cbr%20%2F%3E%3Cli%3EHeated%20hose%20wrap%3C%2Fli%3E%3Cbr%20%2F%3E%3Cli%3ETwo%20fire%20extinguishers%2C%20eye%20wash%20station%20and%20first%20aid%20kit%3C%2Fli%3E%3Cbr%20%2F%3E%3Cli%3EElectric%20brakes%3C%2Fli%3E%3Cbr%20%2F%3E%3Cli%3EBogey%20wheels%20in%20rear%20of%20trailer%20to%20prevent%20damage%3C%2Fli%3E%3Cbr%20%2F%3E%3Cli%3E48%20in%20curb%20side%20door%20with%20hose%20hatch%3C%2Fli%3E%3Cbr%20%2F%3E%3Cli%3ERear%20swinging%20barn%20doors%3C%2Fli%3E%3Cbr%20%2F%3E%3Cli%3ERV%20style%20locks%20and%20latches%3C%2Fli%3E%3Cbr%20%2F%3E%3Cli%3ELED%20lights%20and%20accents%3C%2Fli%3E%3Cbr%20%2F%3E%3Cli%3ESpare%20tire%20mounted%20on%20nose%3C%2Fli%3E%3C%2Ful%3E', 'info/P1070126.jpg'),
(18, 'B-C', '0', '20%27%20Premium%20Dual%20Rigs', ''),
(19, 'B-D', '0', 'The%2028%20ft%20Gooseneck%20trailer%20provides%20more%20room%20and%20has%20larger%20axles%20to%20carry%20more%20material.%20The%20gooseneck%20provides%20greater%20maneuverability%20at%20the%20job-site%20and%20easier%20towing%20down%20the%20road%3Cbr%20%2F%3E%3Cbr%20%2F%3E%3Cul%3E%3Cli%3E16%2C000%20lb%20gvw%3C%2Fli%3E%3Cbr%20%2F%3E%3Cli%3EUrethane%20foam%20insulation%20sprayed%20in%20walls%2C%20ceiling%20and%20floor%3C%2Fli%3E%3Cbr%20%2F%3E%3Cli%3EWhite%20board%20walls%20and%20ceiling%2C%20with%20white%20aluminum%20trim%20accent%20for%20a%20professional%20fit%20and%20finish%3C%2Fli%3E%3Cbr%20%2F%3E%3Cli%3EGalvanized%20steel%20work%20bench%20with%20vise%2C%20blow%20gun%2C%20grinder%2C%20overhead%20aluminum%20cabinet%20with%20light%2C%20and%206-drawer%20tool%20box%3C%2Fli%3E%3Cbr%20%2F%3E%3Cli%3EIndustrial%20rubber%20floor%20in%20spray%20room%3C%2Fli%3E%3Cbr%20%2F%3E%3Cli%3EShore%20power%20hook-up%2C%20110%20volt%3C%2Fli%3E%3Cbr%20%2F%3E%3Cli%3EBarrel%20brace%20system%20for%20three%20sets%20of%20material%3C%2Fli%3E%3Cbr%20%2F%3E%3Cli%3EHeated%20hose%20wrap%3C%2Fli%3E%3Cbr%20%2F%3E%3Cli%3ETwo%20fire%20extinguishers%2C%20eye%20wash%20station%2C%20and%20first%20aid%20kit%3C%2Fli%3E%3Cbr%20%2F%3E%3Cli%3EElectric%20brakes%3C%2Fli%3E%3Cbr%20%2F%3E%3Cli%3EBogey%20wheels%20in%20rear%20of%20trailer%20to%20prevent%20damage%3C%2Fli%3E%3Cbr%20%2F%3E%3Cli%3E48%20in%20curb%20side%20door%3C%2Fli%3E%3Cbr%20%2F%3E%3Cli%3ERear%20swinging%20barn%20doors%20with%20hose%20hatch%3C%2Fli%3E%3Cbr%20%2F%3E%3Cli%3ERV%20style%20locks%20and%20latches%3C%2Fli%3E%3Cbr%20%2F%3E%3Cli%3ELED%20lights%20and%20accents%3C%2Fli%3E%3Cbr%20%2F%3E%3Cli%3ESpare%20tire%20mounted%20in%20cab%20over%3C%2Fli%3E%3C%2Ful%3E', 'info/DSC_0107.jpg'),
(20, 'B-E', '0', 'The%2028%20ft%20Dual%20Proportioner%20Goosneck', ''),
(21, 'B-F', '0', 'Supply%20your%20own%20box%20truck%20and%20have%20CJ%20Spray%20customize%20it%20for%20your%20application.%20Box%20trucks%20are%20easy%20to%20maneuver%20and%20can%20reach%20areas%20in%20rugged%20job%20site%20that%20trailers%20cannot.%20They%20are%20capable%20of%20hauling%20heavy%20loads%20and%20are%20easy%20to%20park%20where%20space%20is%20limited.%20Contact%20CJ%20Spray%20for%20truck%20requirements.%20Standard%20installed%20features%20include%3A%3Cbr%20%2F%3E%3Cbr%20%2F%3E%3Cul%3E%3Cli%3EUrethane%20foam%20insulation%20sprayed%20in%20walls%2C%20ceiling%20and%20floor%3C%2Fli%3E%3Cbr%20%2F%3E%3Cli%3EWhite%20board%20walls%20and%20ceiling%2C%20with%20white%20aluminum%20trim%20accent%20for%20a%20professional%20fit%20and%20finish%3C%2Fli%3E%3Cbr%20%2F%3E%3Cli%3EGalvanized%20steel%20work%20bench%20with%20vise%2C%20blow%20gun%2C%20grinder%2C%20overhead%20aluminum%20cabinet%20with%20light%2C%20and%206-drawer%20tool%20box%3C%2Fli%3E%3Cbr%20%2F%3E%3Cli%3EIndustrial%20rubber%20floor%20in%20spray%20room%3C%2Fli%3E%3Cbr%20%2F%3E%3Cli%3EShore%20power%20hook-up%2C%20110%20volt%3C%2Fli%3E%3Cbr%20%2F%3E%3Cli%3EBarrel%20brace%20system%20for%20two%20or%20three%20sets%20of%20material%3C%2Fli%3E%3Cbr%20%2F%3E%3Cli%3EHeated%20hose%20wrap%3C%2Fli%3E%3Cbr%20%2F%3E%3Cli%3ETwo%20fire%20extinguishers%2C%20eye%20wash%20station%2C%20and%20first%20aid%20kit%3C%2Fli%3E%3C%2Ful%3E', 'info/Sprayer_Pics_018.jpg'),
(22, 'B-G', '0', 'Supply%20your%20own%20box%20truck%20and%20have%20CJ%20Spray%20customize%20it%20for%20your%20application.%20Box%20trucks%20are%20easy%20to%20maneuver%20and%20can%20reach%20areas%20in%20rugged%20job%20site%20that%20trailers%20cannot.%20They%20are%20capable%20of%20hauling%20heavy%20loads%20and%20are%20easy%20to%20park%20where%20space%20is%20limited.%20Contact%20CJ%20Spray%20for%20truck%20requirements.%20Standard%20installed%20features%20include%3A%3Cbr%20%2F%3E%3Cbr%20%2F%3E%3Cul%3E%3Cli%3EUrethane%20foam%20insulation%20sprayed%20in%20walls%2C%20ceiling%20and%20floor%3C%2Fli%3E%3Cbr%20%2F%3E%3Cli%3EWhite%20board%20walls%20and%20ceiling%2C%20with%20white%20aluminum%20trim%20accent%20for%20a%20professional%20fit%20and%20finish%3C%2Fli%3E%3Cbr%20%2F%3E%3Cli%3EGalvanized%20steel%20work%20bench%20with%20vise%2C%20blow%20gun%2C%20grinder%2C%20overhead%20aluminum%20cabinet%20with%20light%2C%20and%206-drawer%20tool%20box%3C%2Fli%3E%3Cbr%20%2F%3E%3Cli%3EIndustrial%20rubber%20floor%20in%20spray%20room%3C%2Fli%3E%3Cbr%20%2F%3E%3Cli%3EShore%20power%20hook-up%2C%20110%20volt%3C%2Fli%3E%3Cbr%20%2F%3E%3Cli%3EBarrel%20brace%20system%20for%20two%20or%20three%20sets%20of%20material%3C%2Fli%3E%3Cbr%20%2F%3E%3Cli%3EHeated%20hose%20wrap%3C%2Fli%3E%3Cbr%20%2F%3E%3Cli%3ETwo%20fire%20extinguishers%2C%20eye%20wash%20station%2C%20and%20first%20aid%20kit%3C%2Fli%3E%3C%2Ful%3E', ''),
(23, 'B-H', '0', 'The%20new%20AiMS%20trailer%20series%20offers%20the%20same%20performance%20as%20our%2020%20and%2028%20ft%20turn-key%20trailers%20in%20a%20smaller%2C%20more%20compact%20package.%20Maneuverability%20-%20work%20around%20urban%20spaces%20with%20ease.%20Tight%20Spaces%20-%20Get%20into%20areas%20traditional%20trailers%20cannot.%20Storage%20-%20Smaller%20footprint%20and%20height%20makes%20it%20possible%20to%20store%20indoors%20where%20traditional%20trailers%20cannot.%20Standard%20features%20include%3A%3Cbr%20%2F%3E%3Cbr%20%2F%3E%3Cul%3E%3Cli%3ETwin%205%2C000%20lb%20axles%20%289%2C950%20lb%20gvw%29%20%3C%2Fli%3E%3Cbr%20%2F%3E%3Cli%3EBarrel%20Brace%20system%20designed%20for%20two%20sets%20of%20material%20%3C%2Fli%3E%3Cbr%20%2F%3E%3Cli%3EShore%20power%20hook-up%20%28110%20volt%2C%2020%20amp%29%20%3C%2Fli%3E%3Cbr%20%2F%3E%3Cli%3EEZ%20Slide%20heated%20hose%20wrap%3C%2Fli%3E%3Cbr%20%2F%3E%3Cli%3ETwo%20fire%20extinguishers%2C%20eye%20wash%20station%2C%20and%20first%20aid%20kit%3C%2Fli%3E%3Cbr%20%2F%3E%3Cli%3EManifold%20circulation%20kit%20standard%20%3C%2Fli%3E%3Cbr%20%2F%3E%3Cli%3ESpare%20parts%20kit%20for%20selected%20spray%20gun%20and%20Reactor%3C%2Fli%3E%3Cbr%20%2F%3E%3Cli%3EPowder%20coated%20enclosure%3C%2Fli%3E%3Cbr%20%2F%3E%3Cli%3EElectric%20brakes%3C%2Fli%3E%3Cbr%20%2F%3E%3Cli%3ESpare%20tire%3C%2Fli%3E%3Cbr%20%2F%3E%3Cli%3EExterior%20%28locking%29%20tool%20box%3C%2Fli%3E%3Cbr%20%2F%3E%3Cli%3ELocking%20latches%3C%2Fli%3E%3C%2Ful%3E', 'info/aims_reactor.jpg'),
(24, 'B-I', '0', '16%27%20Eco%20Rigs%20for%20foam%20and%20coating%20applications%20offer%20high%20performance%20and%20a%20professional%20appearance%20at%20a%20more%20economical%20cost.%20Compact%2016%92%20layout%20is%20maneuverable%20and%20can%20be%20handled%20with%20smaller%20pick-up%20trucks.%20Standard%20features%20include%3A%3Cbr%20%2F%3E%3Cbr%20%2F%3E%3Cul%3E%3Cli%3E7%2C000%20lb%20gvw%3C%2Fli%3E%3Cbr%20%2F%3E%3Cli%3EUrethane%20foam%20insulation%20sprayed%20in%20walls%20and%20ceiling%3C%2Fli%3E%3Cbr%20%2F%3E%3Cli%3EProfessional%20fit%20and%20finish%3C%2Fli%3E%3Cbr%20%2F%3E%3Cli%3EStandard%206-drawer%20tool%20box%3C%2Fli%3E%3Cbr%20%2F%3E%3Cli%3EGrey%20Epoxy%20floor%20in%20spray%20room%3C%2Fli%3E%3Cbr%20%2F%3E%3Cli%3EShore%20power%20hook-up%2C%20110%20volt%3C%2Fli%3E%3Cbr%20%2F%3E%3Cli%3EE-Track%20system%20for%20two%20sets%20of%20material%3C%2Fli%3E%3Cbr%20%2F%3E%3Cli%3EHeated%20hose%20wrap%3C%2Fli%3E%3Cbr%20%2F%3E%3Cli%3EFire%20extinguisher%2C%20eye%20wash%20station%20and%20first%20aid%20kit%3C%2Fli%3E%3Cbr%20%2F%3E%3Cli%3EElectric%20brakes%3C%2Fli%3E%3Cbr%20%2F%3E%3Cli%3E32%20in%20curb%20side%20door%20with%20hose%20hatch%3C%2Fli%3E%3Cbr%20%2F%3E%3Cli%3ERear%20ramp%20door%3C%2Fli%3E%3Cbr%20%2F%3E%3Cli%3ESpare%20tire%3Cli%3E%3C%2Ful%3E', ''),
(25, 'B-J', '0', '20%27%20Eco%20Rigs%20for%20foam%20and%20coating%20applications%20offer%20high%20performance%20and%20a%20professional%20appearance%20at%20a%20more%20economical%20cost.%20Compact%2020%92%20layout%20is%20maneuverable%20and%20can%20be%20handled%20with%20smaller%20pick-up%20trucks.%20Standard%20features%20include%3A%3Cbr%20%2F%3E%3Cbr%20%2F%3E%3Cul%3E%3Cli%3E14%2C000%20lb%20gvw%3C%2Fli%3E%3Cbr%20%2F%3E%3Cli%3EUrethane%20foam%20insulation%20sprayed%20in%20walls%20and%20ceiling%3C%2Fli%3E%3Cbr%20%2F%3E%3Cli%3EPaint%20walls%20and%20ceiling%2C%20with%20eco%20white%20aluminum%20trim%20accent%20for%20a%20professional%20fit%20and%20finish%3C%2Fli%3E%3Cbr%20%2F%3E%3Cli%3EOptional%20Galvanized%20steel%20work%20bench%20and%20overhead%20aluminum%20cabinet%20with%20light%3C%2Fli%3E%3Cbr%20%2F%3E%3Cli%3EStandard%206-drawer%20tool%20box%3C%2Fli%3E%3Cbr%20%2F%3E%3Cli%3EGrey%20Epoxy%20floor%20in%20spray%20room%3C%2Fli%3E%3Cbr%20%2F%3E%3Cli%3EShore%20power%20hook-up%2C%20110%20volt%3C%2Fli%3E%3Cbr%20%2F%3E%3Cli%3EBarrel%20brace%20system%20for%20two%20sets%20of%20material%3C%2Fli%3E%3Cbr%20%2F%3E%3Cli%3EHeated%20hose%20wrap%3C%2Fli%3E%3Cbr%20%2F%3E%3Cli%3ETwo%20fire%20extinguishers%2C%20eye%20wash%20station%20and%20first%20aid%20kit%3C%2Fli%3E%3Cbr%20%2F%3E%3Cli%3EElectric%20brakes%3C%2Fli%3E%3Cbr%20%2F%3E%3Cli%3E48%20in%20curb%20side%20door%20with%20hose%20hatch%3C%2Fli%3E%3Cbr%20%2F%3E%3Cli%3ERear%20swinging%20barn%20doors%3C%2Fli%3E%3Cbr%20%2F%3E%3Cli%3ESpare%20tire%3Cli%3E%3C%2Ful%3E', ''),
(26, 'B-K', '0', '12%27%20LP%20Rigs%20for%20foam%20applications%20offer%20residential%20performance%20and%20a%20professional%20appearance%20at%20a%20more%20economical%20cost.%20Compact%2012%92%20layout%20is%20maneuverable%20and%20can%20be%20handled%20with%20smaller%20pick-up%20trucks.%20Standard%20features%20include%3A%3Cbr%20%2F%3E%3Cbr%20%2F%3E%3Cul%3E%3Cli%3E7%2C000%20lb%20gvw%3C%2Fli%3E%3Cbr%20%2F%3E%3Cli%3EUrethane%20foam%20insulation%20sprayed%20in%20walls%20and%20ceiling%3C%2Fli%3E%3Cbr%20%2F%3E%3Cli%3EProfessional%20fit%20and%20finish%3C%2Fli%3E%3Cbr%20%2F%3E%3Cli%3EGrey%20Epoxy%20floor%3C%2Fli%3E%3Cbr%20%2F%3E%3Cli%3EShore%20power%20hook-up%2C%20110%20volt%3C%2Fli%3E%3Cbr%20%2F%3E%3Cli%3EE-Track%20system%20for%20two%20sets%20of%20material%3C%2Fli%3E%3Cbr%20%2F%3E%3Cli%3EHeated%20hose%20wrap%3C%2Fli%3E%3Cbr%20%2F%3E%3Cli%3EFire%20extinguisher%2C%20eye%20wash%20station%20and%20first%20aid%20kit%3C%2Fli%3E%3Cbr%20%2F%3E%3Cli%3EElectric%20brakes%3C%2Fli%3E%3Cbr%20%2F%3E%3Cli%3E32%20in%20curb%20side%20door%20with%20hose%20hatch%3C%2Fli%3E%3Cbr%20%2F%3E%3Cli%3ERear%20ramp%20door%3C%2Fli%3E%3Cbr%20%2F%3E%3Cli%3ESpare%20tire%3Cli%3E%3C%2Ful%3E', ''),
(27, 'B-L', '0', 'The%20Portable%20Cart%20Mounted%20Reactor%20is%20ideal%20for%20commercial%20work%20or%20remote%20areas.%20Small%20maneruverable%20cart%20with%20poly%208-inch%20wheels%20that%20can%20easily%20anvigate%20throught%20hallways%20and%20job%20sites.%20Standard%20features%20include%3A%3Cbr%20%2F%3E%3Cbr%20%2F%3E%3Cul%3E%3Cli%3EFour%20way%20fork%20pockets%3C%2Fli%3E%3Cbr%20%2F%3E%3Cli%3EHyrdovane%20compressor%20with%20electric%20air%20dryer%3Cli%3E%3C%2Ful%3E', 'cart.jpg'),
(28, 'B-M', '0', 'The%20LP%20Portable%20Cart%20featuring%20the%20Titan%20Helix%20LP%20is%20ideal%20for%20residential%20and%20light%20commercial%20work.%20Small%20maneruverable%20cart%20with%20poly%208-inch%20wheels%20that%20can%20easily%20anvigate%20throught%20hallways%20and%20job%20sites.%20', 'lpcart.png'),
(29, 'CC', '0', 'What%20Graco%20Reactor%20is%20right%20for%20you%20depends%20on%20your%20application%20and%20plan.%20There%20are%20two%20main%20categories%20of%20Reactors%3A%20Foam%20and%20Coatings.%20They%20are%20both%20similar%20and%20do%20the%20same%20thing%2C%20but%20coating%20proportioners%20are%20capable%20of%20higher%20pressures%20to%20atomize%20heavier%20coatings.%20The%20additional%20pressure%20requires%20more%20horsepower%2C%20so%20Reactors%20for%20coatings%20cost%20more%20than%20Reactors%20for%20foam.%20%3Cbr%20%2F%3E%09%3Cbr%20%2F%3EWithin%20those%20two%20categories%20we%20also%20have%20three%20types%20of%20Reactors%3A%20Air%2C%20Electric%2C%20and%20Hydraulic%2C%20which%20refers%20to%20how%20the%20pumps%20are%20driven.%20Air%20operated%20Reactors%20use%20an%20air%20motor%20to%20drive%20the%20pump%20lowers%20which%20requires%20a%20large%20air%20compressor%20that%20makes%20them%20uncommon%20in%20mobile%20rig%20applications.%20Electric%20Reactors%20are%20a%20great%20balance%20of%20performance%20and%20price%20and%20have%20quickly%20become%20the%20most%20popular%20in%20the%20market%20place.%20Hydraulic%20Reactors%20have%20great%20durability%20and%20can%20have%20higher%20outputs%20than%20the%20electric%20series%20Reactors.%20Along%20with%20the%20hydraulics%20comes%20a%20higher%20price%20tag.', 'info/3_reactors.jpg'),
(30, 'CC-4', '0', 'Electric-Driven%20Reactor%20provides%2020%20lb%2Fmin%20output%20and%202%2C000%20psi.%20Great%20choice%20for%20residential%20foam%20applications.', 'info/ReactorE_30.jpg'),
(31, 'CC-5', '0', 'Electric-Driven%20Reactor%20provides%2020%20lb%2Fmin%20output%20and%202%2C000%20psi.%20Great%20choice%20for%20residential%20foam%20applications.', 'info/ReactorE_30.jpg'),
(32, 'CC-6', '0', 'Electric-Driven%20Reactor%20provides%2020%20lb%2Fmin%20output%20and%202%2C000%20psi.%20Great%20choice%20for%20residential%20foam%20applications.', 'info/ReactorE_30.jpg'),
(33, 'CC-7', '0', 'Graco%20Reactor%20R2%20provides%2030%20lb%2Fmin%20output%20and%202%2C000%20psi.%20E30%92s%20added%20output%20is%20noticeable%20on%20larger%20jobs.%20Larger%20heaters%20may%20be%20needed%20in%20cold%20environments%20or%20coating%20applications.', 'info/ReactorR2E30_front.jpg'),
(34, 'CC-8', '0', 'Graco%20Reactor%20R2%20provides%2030%20lb%2Fmin%20output%20and%202%2C000%20psi.%20E30%92s%20added%20output%20is%20noticeable%20on%20larger%20jobs.%20Larger%20heaters%20may%20be%20needed%20in%20cold%20environments%20or%20coating%20applications.', 'info/ReactorR2E30_front.jpg'),
(35, 'CC-9', '0', 'Graco%20Reactor%20R2%20provides%2030%20lb%2Fmin%20output%20and%202%2C000%20psi.%20E30%92s%20added%20output%20is%20noticeable%20on%20larger%20jobs.%20Larger%20heaters%20may%20be%20needed%20in%20cold%20environments%20or%20coating%20applications.', 'info/ReactorR2E30_front.jpg'),
(36, 'CC-10', '0', 'Graco%20Reactor%20R2%20provides%2030%20lb%2Fmin%20output%20and%202%2C000%20psi.%20E30%92s%20added%20output%20is%20noticeable%20on%20larger%20jobs.%20Included%20larger%20heaters%20excel%20in%20cold%20environments%20or%20coating%20applications.', 'info/ReactorR2E30_front.jpg'),
(37, 'CC-11', '0', 'Graco%20Reactor%20R2%20provides%2030%20lb%2Fmin%20output%20and%202%2C000%20psi.%20E30%92s%20added%20output%20is%20noticeable%20on%20larger%20jobs.%20Included%20larger%20heaters%20excel%20in%20cold%20environments%20or%20coating%20applications.', 'info/ReactorR2E30_front.jpg'),
(38, 'CC-12', '0', 'Graco%20Reactor%20R2%20provides%2030%20lb%2Fmin%20output%20and%202%2C000%20psi.%20E30%92s%20added%20output%20is%20noticeable%20on%20larger%20jobs.%20Included%20larger%20heaters%20excel%20in%20cold%20environments%20or%20coating%20applications.', 'info/ReactorR2E30_front.jpg'),
(39, 'CC-13', '0', 'Graco%20Elite%20R2%2C%20E-30%20offers%20upgrades%20and%20extended%20warranties%2C%20while%20maintaining%2030%20lb%2Fmin%20output%20and%202%2C000%20psi.%20Larger%20heaters%20can%20be%20needed%20in%20cold%20environments%20or%20coating%20applications.', 'info/ReactorR2E30_front.jpg'),
(40, 'CC-14', '0', 'Graco%20Elite%20R2%2C%20E-30%20offers%20upgrades%20and%20extended%20warranties%2C%20while%20maintaining%2030%20lb%2Fmin%20output%20and%202%2C000%20psi.%20Larger%20heaters%20can%20be%20needed%20in%20cold%20environments%20or%20coating%20applications.', 'info/ReactorR2E30_front.jpg'),
(41, 'CC-15', '0', 'Graco%20Elite%20R2%2C%20E-30%20offers%20upgrades%20and%20extended%20warranties%2C%20while%20maintaining%2030%20lb%2Fmin%20output%20and%202%2C000%20psi.%20Larger%20heaters%20can%20be%20needed%20in%20cold%20environments%20or%20coating%20applications.', 'info/ReactorR2E30_front.jpg'),
(42, 'CC-16', '0', 'Graco%20Elite%20R2%2C%20E-30%20offers%20upgrades%20and%20extended%20warranties%2C%20while%20maintaining%2030%20lb%2Fmin%20output%20and%202%2C000%20psi.%20Included%20larger%20heaters%20excel%20in%20cold%20environments%20or%20coating%20applications.', 'info/ReactorR2E30_front.jpg'),
(43, 'CC-17', '0', 'Graco%20Elite%20R2%2C%20E-30%20offers%20upgrades%20and%20extended%20warranties%2C%20while%20maintaining%2030%20lb%2Fmin%20output%20and%202%2C000%20psi.%20Included%20larger%20heaters%20excel%20in%20cold%20environments%20or%20coating%20applications.', 'info/ReactorR2E30_front.jpg'),
(44, 'CC-18', '0', 'Graco%20Elite%20R2%2C%20E-30%20offers%20upgrades%20and%20extended%20warranties%2C%20while%20maintaining%2030%20lb%2Fmin%20output%20and%202%2C000%20psi.%20Included%20larger%20heaters%20excel%20in%20cold%20environments%20or%20coating%20applications.', 'info/ReactorR2E30_front.jpg'),
(45, 'CC-19', '0', 'Hydraulic-Driven%20Reactor%20provides%2022%20lb%2Fmin%20output%20and%202%2C000%20psi.%20Larger%20heaters%20can%20be%20needed%20in%20cold%20environments%20or%20coating%20applications.', 'info/Reactor_H25.jpg'),
(46, 'CC-20', '0', 'Hydraulic-Driven%20Reactor%20provides%2022%20lb%2Fmin%20output%20and%202%2C000%20psi.%20Larger%20heaters%20can%20be%20needed%20in%20cold%20environments%20or%20coating%20applications.', 'info/Reactor_H25.jpg'),
(47, 'CC-21', '0', 'Hydraulic-Driven%20Reactor%20provides%2022%20lb%2Fmin%20output%20and%202%2C000%20psi.%20Larger%20heaters%20can%20be%20needed%20in%20cold%20environments%20or%20coating%20applications.', 'info/Reactor_H25.jpg'),
(48, 'CC-22', '0', 'Hydraulic-Driven%20Reactor%20provides%2022%20lb%2Fmin%20output%20and%202%2C000%20psi.%20Included%20larger%20heaters%20excel%20in%20cold%20environments%20or%20coating%20applications.', 'info/Reactor_H25.jpg'),
(49, 'CC-23', '0', 'Hydraulic-Driven%20Reactor%20provides%2022%20lb%2Fmin%20output%20and%202%2C000%20psi.%20Included%20larger%20heaters%20excel%20in%20cold%20environments%20or%20coating%20applications.', 'info/Reactor_H25.jpg'),
(50, 'CC-24', '0', 'Hydraulic-Driven%20Reactor%20provides%2022%20lb%2Fmin%20output%20and%202%2C000%20psi.%20Included%20larger%20heaters%20excel%20in%20cold%20environments%20or%20coating%20applications.', 'info/Reactor_H25.jpg'),
(51, 'CC-27', '0', 'Hydraulic-Driven%20Reactor%20provides%2045%20lb%2Fmin%20output%20and%202%2C000%20psi.%20Typically%20used%20in%20roofing%20and%20other%20high%20flow%20applications.', 'info/Reactor_H40_Right.jpg'),
(52, 'CC-28', '0', 'Hydraulic-Driven%20Reactor%20provides%2045%20lb%2Fmin%20output%20and%202%2C000%20psi.%20Typically%20used%20in%20roofing%20and%20other%20high%20flow%20applications.', 'info/Reactor_H40_Right.jpg'),
(53, 'CC-29', '0', 'Hydraulic-Driven%20Reactor%20provides%2045%20lb%2Fmin%20output%20and%202%2C000%20psi.%20Typically%20used%20in%20roofing%20and%20other%20high%20flow%20applications.%20Included%20larger%20heaters%20can%20be%20needed%20in%20cold%20environments%20or%20coating%20applications.', 'info/Reactor_H40_Right.jpg'),
(54, 'CC-30', '0', 'Hydraulic-Driven%20Reactor%20provides%2045%20lb%2Fmin%20output%20and%202%2C000%20psi.%20Typically%20used%20in%20roofing%20and%20other%20high%20flow%20applications.%20Included%20larger%20heaters%20can%20be%20needed%20in%20cold%20environments%20or%20coating%20applications.', 'info/Reactor_H40_Right.jpg'),
(55, 'CC-31', '0', 'Graco%2C%20EXP-1%20Reactor%20provides%201.0%20gpm%20and%202%2C500%20psi.', 'info/ReactorE_XP1.jpg'),
(56, 'CC-32', '0', 'Graco%2C%20EXP-1%20Reactor%20provides%201.0%20gpm%20and%202%2C500%20psi.', 'info/ReactorE_XP1.jpg'),
(57, 'CC-33', '0', 'Graco%20R2%2C%20EXP-2%20Reactor%20provides%202.0%20gpm%20and%203%2C500%20psi.', 'info/ReactorR2E30_front.jpg'),
(58, 'CC-34', '0', 'Graco%20R2%2C%20EXP-2%20Reactor%20provides%202.0%20gpm%20and%203%2C500%20psi.', 'info/ReactorR2E30_front.jpg'),
(59, 'CC-35', '0', 'Graco%20Elite%20R2%2C%20EXP-2%20Reactor%20provides%202.0%20gpm%20and%203%2C500%20psi.', 'info/ReactorR2E30_front.jpg'),
(60, 'CC-36', '0', 'Graco%20Elite%20R2%2C%20EXP-2%20Reactor%20provides%202.0%20gpm%20and%203%2C500%20psi.', 'info/ReactorR2E30_front.jpg'),
(61, 'CC-37', '0', 'HXP-2%2C%20Hydraulic-Driven%20Reactor%20provides%201.5%20gpm%20and%203%2C500%20psi.', 'info/Reactor_HXP2.jpg'),
(62, 'CC-38', '0', 'HXP-2%2C%20Hydraulic-Driven%20Reactor%20provides%201.5%20gpm%20and%203%2C500%20psi.', 'info/Reactor_HXP2.jpg'),
(63, 'CC-39', '0', 'HXP-3%20Hydraulic-Driven%20Reactor%20provides%202.8%20gpm%20and%203%2C500%20psi.', 'info/Reactor_HXP3.jpg'),
(64, 'CC-40', '0', 'HXP-3%20Hydraulic-Driven%20Reactor%20provides%202.8%20gpm%20and%203%2C500%20psi.', 'info/Reactor_HXP3.jpg'),
(65, 'CC-41', '0', 'Graco%20Elite%20R2%2C%20E-30i%2C%20offers%20upgrades%20and%20extended%20warranties%2C%20while%20maintaining%2030%20lb%2Fmin%20output%20and%202%2C000%20psi.%20Larger%20heaters%20can%20be%20needed%20in%20cold%20environments%20or%20coating%20applications.', 'info/ReactorE-30i_front.jpg'),
(66, 'CC-42', '0', 'Graco%20Elite%20R2%2C%20E-30i%2C%20offers%20upgrades%20and%20extended%20warranties%2C%20while%20maintaining%2030%20lb%2Fmin%20output%20and%202%2C000%20psi.%20Larger%20heaters%20can%20be%20needed%20in%20cold%20environments%20or%20coating%20applications.', 'info/ReactorE-30i_front.jpg'),
(67, 'CC-43', '0', 'Graco%20Elite%20R2%2C%20E-30i%2C%20offers%20upgrades%20and%20extended%20warranties%2C%20while%20maintaining%2030%20lb%2Fmin%20output%20and%202%2C000%20psi.%20Larger%20heaters%20can%20be%20needed%20in%20cold%20environments%20or%20coating%20applications.', 'info/ReactorE-30i_front.jpg'),
(68, 'CC-44', '0', 'Graco%20Elite%20R2%2C%20E-30i%2C%20offers%20upgrades%20and%20extended%20warranties%2C%20while%20maintaining%2030%20lb%2Fmin%20output%20and%202%2C000%20psi.%20Included%20larger%20heaters%20excel%20in%20cold%20environments%20or%20coating%20applications.', 'info/ReactorE-30i_front.jpg'),
(69, 'CC-45', '0', 'Graco%20Elite%20R2%2C%20E-30i%2C%20offers%20upgrades%20and%20extended%20warranties%2C%20while%20maintaining%2030%20lb%2Fmin%20output%20and%202%2C000%20psi.%20Included%20larger%20heaters%20excel%20in%20cold%20environments%20or%20coating%20applications.', 'info/ReactorE-30i_front.jpg'),
(70, 'CC-46', '0', 'Graco%20Elite%20R2%2C%20E-30i%2C%20offers%20upgrades%20and%20extended%20warranties%2C%20while%20maintaining%2030%20lb%2Fmin%20output%20and%202%2C000%20psi.%20Included%20larger%20heaters%20excel%20in%20cold%20environments%20or%20coating%20applications.', 'info/ReactorE-30i_front.jpg'),
(71, 'CC-47', '0', 'Graco%20Elite%20R2%2C%20EXP-2i%2C%20offers%20upgrades%20and%20extended%20warranties%2C%20while%20maintaining%202%20gal%2Fmin%20output%20and%203%2C500%20psi.%20Included%20larger%20heaters%20excel%20in%20cold%20environments%20or%20coating%20applications.', 'info/ReactorE-30i_front.jpg'),
(72, 'CC-48', '0', 'Graco%20Elite%20R2%2C%20EXP-2i%2C%20offers%20upgrades%20and%20extended%20warranties%2C%20while%20maintaining%202%20gal%2Fmin%20output%20and%203%2C500%20psi.%20Included%20larger%20heaters%20excel%20in%20cold%20environments%20or%20coating%20applications.', 'info/ReactorE-30i_front.jpg'),
(73, 'D', '0', 'Graco%20heated%20hose%20is%20sold%20in%2050%20foot%20sections.%20Also%20included%20is%20the%2010%20ft%20whip%20hose%2C%20and%20fluid%20temperature%20sensor.%20The%20maximum%20hose%20length%20you%20can%20use%20depends%20on%20what%20Reactor%20you%20select.', 'info/P1070123.jpg'),
(74, 'D-1', '0', '2%2C000%20psi%20rated%20heated%20hose%20with%20scuff%20jacket%20and%20DIN%20cable', 'info/Heated_Hose.jpg'),
(75, 'D-2', '0', '3%2C500%20psi%20rated%20heated%20hose%20with%20scuff%20jacket%20and%20DIN%20cable.', 'info/Heated_Hose.jpg'),
(76, 'D-3', '0', '2%2C000%20psi%20rated%20heated%20hose%20with%20scuff%20jacket%20and%20DIN%20cable.', 'info/Heated_Hose.jpg'),
(77, 'D-4', '0', '3%2C500%20psi%20rated%20heated%20hose%20with%20scuff%20jacket%20and%20DIN%20cable.', 'info/Heated_Hose.jpg'),
(78, 'D-5', '0', '2%2C000%20psi%20rated%20heated%20hose%20with%20scuff%20jacket%20and%20DIN%20cable.', 'info/Heated_Hose.jpg'),
(79, 'D-6', '0', '3%2C500%20psi%20rated%20heated%20hose%20with%20scuff%20jacket%20and%20DIN%20cable.', 'info/Heated_Hose.jpg'),
(80, 'D-7', '0', '2%2C000%20psi%20rated%20heated%20hose%20with%20scuff%20jacket%20and%20DIN%20cable.', 'info/Heated_Hose.jpg'),
(81, 'D-8', '0', '3%2C500%20psi%20rated%20heated%20hose%20with%20scuff%20jacket%20and%20DIN%20cable.', 'info/Heated_Hose.jpg'),
(82, 'D-9', '0', '2%2C000%20psi%20rated%20heated%20hose%20with%20scuff%20jacket%20and%20DIN%20cable.', 'info/Heated_Hose.jpg'),
(83, 'D-10', '0', '3%2C500%20psi%20rated%20heated%20hose%20with%20scuff%20jacket%20and%20DIN%20cable.', 'info/Heated_Hose.jpg'),
(84, 'D-11', '0', '2%2C000%20psi%20rated%20heated%20hose%20with%20scuff%20jacket%20and%20DIN%20cable.', 'info/Heated_Hose.jpg'),
(85, 'D-12', '0', '3%2C500%20psi%20rated%20heated%20hose%20with%20scuff%20jacket%20and%20DIN%20cable.', 'info/Heated_Hose.jpg'),
(86, 'D-13', '0', '2%2C000%20psi%20rated%20heated%20hose%20with%20scuff%20jacket%20and%20DIN%20cable.', 'info/Heated_Hose.jpg'),
(87, 'D-14', '0', '3%2C500%20psi%20rated%20heated%20hose%20with%20scuff%20jacket%20and%20DIN%20cable.', 'info/Heated_Hose.jpg'),
(88, 'D-17', '0', '2%2C000%20psi%20rated%20heated%20hose%20with%20scuff%20jacket%20and%20RTD%20cable.', 'info/Heated_Hose.jpg'),
(89, 'D-18', '0', '3%2C500%20psi%20rated%20heated%20hose%20with%20scuff%20jacket%20and%20RTD%20cable.', 'info/Heated_Hose.jpg'),
(90, 'D-19', '0', '2%2C000%20psi%20rated%20heated%20hose%20with%20scuff%20jacket%20and%20RTD%20cable.', 'info/Heated_Hose.jpg'),
(91, 'D-20', '0', '3%2C500%20psi%20rated%20heated%20hose%20with%20scuff%20jacket%20and%20RTD%20cable.', 'info/Heated_Hose.jpg'),
(92, 'D-21', '0', '2%2C000%20psi%20rated%20heated%20hose%20with%20scuff%20jacket%20and%20RTD%20cable.', 'info/Heated_Hose.jpg'),
(93, 'D-22', '0', '3%2C500%20psi%20rated%20heated%20hose%20with%20scuff%20jacket%20and%20RTD%20cable.', 'info/Heated_Hose.jpg'),
(94, 'D-23', '0', '2%2C000%20psi%20rated%20heated%20hose%20with%20scuff%20jacket%20and%20RTD%20cable.', 'info/Heated_Hose.jpg'),
(95, 'D-24', '0', '3%2C500%20psi%20rated%20heated%20hose%20with%20scuff%20jacket%20and%20RTD%20cable.', 'info/Heated_Hose.jpg'),
(96, 'D-25', '0', '2%2C000%20psi%20rated%20heated%20hose%20with%20scuff%20jacket%20and%20RTD%20cable.', 'info/Heated_Hose.jpg'),
(97, 'D-26', '0', '3%2C500%20psi%20rated%20heated%20hose%20with%20scuff%20jacket%20and%20RTD%20cable.', 'info/Heated_Hose.jpg'),
(98, 'D-27', '0', '2%2C000%20psi%20rated%20heated%20hose%20with%20extreme%20scuff%20jacket%20and%20RTD%20cable.', 'info/Heated_Hose.jpg'),
(99, 'D-28', '0', '3%2C500%20psi%20rated%20heated%20hose%20with%20extreme%20scuff%20jacket%20and%20RTD%20cable.', 'info/Heated_Hose.jpg'),
(100, 'D-29', '0', '2%2C000%20psi%20rated%20heated%20hose%20with%20extreme%20scuff%20jacket%20and%20RTD%20cable.', 'info/Heated_Hose.jpg'),
(101, 'D-30', '0', '3%2C500%20psi%20rated%20heated%20hose%20with%20extreme%20scuff%20jacket%20and%20RTD%20cable.', 'info/Heated_Hose.jpg'),
(102, 'D-31', '0', '2%2C000%20psi%20rated%20heated%20hose%20with%20extreme%20scuff%20jacket%20and%20RTD%20cable.', 'info/Heated_Hose.jpg'),
(103, 'D-32', '0', '3%2C500%20psi%20rated%20heated%20hose%20with%20extreme%20scuff%20jacket%20and%20RTD%20cable.', 'info/Heated_Hose.jpg'),
(104, 'D-33', '0', '2%2C000%20psi%20rated%20heated%20hose%20with%20extreme%20scuff%20jacket%20and%20RTD%20cable.', 'info/Heated_Hose.jpg'),
(105, 'D-34', '0', '3%2C500%20psi%20rated%20heated%20hose%20with%20extreme%20scuff%20jacket%20and%20RTD%20cable.', 'info/Heated_Hose.jpg'),
(106, 'D-35', '0', '2%2C000%20psi%20rated%20heated%20hose%20with%20extreme%20scuff%20jacket%20and%20RTD%20cable.', 'info/Heated_Hose.jpg'),
(107, 'D-36', '0', '3%2C500%20psi%20rated%20heated%20hose%20with%20extreme%20scuff%20jacket%20and%20RTD%20cable.', 'info/Heated_Hose.jpg'),
(108, 'EE', '0', 'Strongly%20recommend%20purchasing%20two%20identical%20spray%20guns.%20Choose%20which%20gun%20is%20best%20for%20you%2C%20but%20then%20buy%20TWO.%20When%20spraying%20products%20that%20set-up%20in%20seconds%20have%20a%20second%20gun%20is%20a%20must.%20It%20prevents%20down%20time%2C%20reduces%20wear%20and%20tear%2C%20and%20makes%20trouble%20shooting%20equipment%20much%20easier.', 'info/FusionCS_Gopher136.jpg'),
(109, 'EE-1', '0', 'The%20Graco%20Fusion%20Air%20Purge%20Gun%20is%20the%20most%20common%202k%20gun%20sold%20today.%20Durable%2C%20easy%20to%20use%2C%20and%20quick%20to%20disassemble%20and%20repair%20have%20made%20this%20a%20good%20choice%20for%20any%20foam%20or%20coatings%20contractor.%20Available%20in%20either%20round%20or%20flat%20patterns.', 'info/11487.jpg'),
(110, 'EE-3', '0', 'The%20Graco%20Clear%20Shot%20Gun%20is%20the%20newest%20gun%20on%20the%20market%20and%20features%20new%20Clear%20Shot%20technology%20that%20keeps%20the%20mix%20chamber%20cleaner.%20Available%20in%20either%20round%20or%20flat%20patterns.', 'info/Graco_FusionCS_001.jpg'),
(111, 'EE-7', '0', 'The%20Graco%20Probler%20P2%20came%20from%20GlasCraft%20and%20is%20a%20good%20air%20purge%20gun%20for%20both%20foam%20and%20coatings.%20Available%20in%20either%20round%20or%20flat%20patterns.', 'info/P2_Picture.jpg'),
(112, 'F', '0', 'Mobile%20systems%20require%20feed%20pumps%20to%20push%20material%20from%2055%20gallon%20drums%20to%20the%20Reactor%20proportioner.%20Stick%20pumps%20such%20as%20the%20Graco%20T%3A1%20and%20T2%20have%20become%20the%20most%20popular%20choice%20for%20foam%20and%20coating%20contractors.', 'info/P1070133.jpg'),
(113, 'F-1', '0', 'Graco%20T%3A1%20Stick%20pumps%20are%20ideal%20for%20foam%20or%20coating%20applications%20with%20lower%20flow%20rate%20Reactors.', 'info/T1x2_pumps.jpg'),
(114, 'F-2', '0', 'Graco%20T%3A2%20Stick%20pumps%20are%20ideal%20for%20foam%20or%20coating%20applications%20with%20higher%20flow%20rate%20Reactors.', 'info/15258.jpg'),
(115, 'F-3', '0', 'Graco%20diaphragm%20Husky%20pumps%20mount%20on%20wall%20and%20are%20common%20for%201%2F2%20lb%20foams%20that%20do%20not%20use%20245fa%20blowing%20agents.', 'info/Husky_1050.jpg'),
(116, 'F-4', '0', 'Graco%20Triton%20pumps%20are%20common%20in%20lower%20viscosity%20coatings.', 'info/triton.jpg'),
(117, 'GG', '0', 'Circulation%20kits%20are%20vital%20to%20any%20mobile%20spray%20rig.%20The%20manifold%20circulation%20kit%20reduces%20material%20waste%20and%20helps%20keep%20your%20rig%20clean%20and%20safe.%20The%20heated%20hose%20circulation%20kit%20is%20extremely%20important%20if%20your%20rig%20will%20sit%20idle%20for%20periods%20of%20two%20weeks%20or%20more.', 'info/P1070087.jpg'),
(118, 'GG-0', '0', 'No%20circulation%20kit%20is%20installed.%20Graco%92s%20stock%20tubing%20runs%20from%20circulation%20manifold%20to%20the%20floor.%20Customer%20supplies%20waste%20pails.', ''),
(119, 'GG-1', '0', 'Manifold%20circulation%20kit%20includes%20return%20hoses%20from%20manifold%20back%20to%2055%20gallon%20drum%2C%20sst%20return%20tubes%2C%20and%20desiccant%20dryers.', 'info/P1070068.jpg'),
(120, 'GG-2', '0', 'Addition%20of%20the%20heated%20hose%20circulation%20kit%20allows%20easy%20circulation%20of%20material%20throughout%20heated%20hose%20-%20reducing%20isocyanate%20crystallization.%20Product%20should%20be%20circulated%20after%20being%20static%20in%20lines%20for%20two%20weeks.%20Heated%20hose%20circulation%20kit%20also%20allows%20for%20faster%20heating%20of%20hoses%20when%20using%20coatings%2C%20or%20foam%20without%20245fa%20blowing%20agent.', 'info/P1070104.jpg'),
(121, 'H', '0', 'Includes%20regulator%20and%20air%20plumbing.%20Agitators%20are%20not%20required%20for%20most%201.8%20lb%20and%20heavier%20foams.%20They%20are%20common%20when%20using%201%2F2%20lb%20foam%20or%20most%20coatings.%20Check%20with%20your%20material%20supplier%20if%20an%20agitator%20is%20required%20for%20the%20resin.', 'info/Twistork_Agitator_in_Barrel_app.jpg'),
(122, 'H-0', '0', 'No%20additional%20information%20available%20for%20this%20selection%20at%20this%20time.', ''),
(123, 'H-1', '0', 'Graco%20Twistork%20agitator%20is%20mounted%20directly%20in%202%20in%20bung%20opening.', 'info/Twistork_Agitator.jpg'),
(124, 'H-2', '0', 'Graco%20Twistork%20agitator%20is%20mounted%20directly%20in%202%20in%20bung%20opening.', 'info/Twistork_Agitator_in_Barrel_app.jpg'),
(125, 'H-3', '0', 'Graco%20low%20viscosity%20agitator', ''),
(126, 'H-4', '0', 'Graco%20high%20viscosity%20agitator', ''),
(127, 'II', '0', 'CJ%20Spray%20configured%20rigs%20use%20generators%20and%20will%20only%20make%20shore%20power%20rigs%20after%20personal%20consultation.%20Generators%20increase%20production%2C%20provide%20clean%20power%20to%20Reactors%2C%20and%20reduce%20personal%20interaction%20with%20dangerous%20electrical%20power.%20The%20right%20generator%20depends%20on%20the%20power%20required%20by%20the%20equipment%20in%20the%20spray%20rig.%20There%20are%20two%20major%20electrical%20components%20in%20each%20rig%3A%20the%20Reactor%20and%20the%20air%20compressor.%20%3Cbr%20%2F%3E%3Cbr%20%2F%3EReactors%20have%20electric%20motors%20and%20very%20large%20electric%20heaters%20that%20can%20draw%20a%20lot%20of%20power.%20Electric%20air%20compressors%20also%20draw%20a%20lot%20of%20power%2C%20especially%20at%20start%20up.%20We%20set%20all%20of%20our%20compressors%20to%20run%20continuously%20so%20they%20do%20not%20turn%20on%20or%20off%2C%20which%20provides%20cleaner%20and%20more%20consistent%20power%20to%20the%20Reactor.%20The%20generator%20should%20still%20be%20sized%20to%20handle%20the%20initial%20start-up%20of%20the%20compressor.%20There%20are%20also%20other%20electrical%20demands%20inside%20the%20trailer%20that%20add%20up%20such%20as%20compressed%20air%20driers%2C%20heater%2C%20lights%2C%20grinders%2C%20and%20air%20conditioners.%20To%20properly%20size%20the%20generator%20add%20up%20the%20electrical%20requirements%20and%20provide%20a%2025%25%20cushion.%20In%20most%20applications%20the%20E20%20Reactor%20requires%20a%2020%20kW%20generator%20and%20everything%20larger.', 'info/40_kW_Gen.jpg'),
(128, 'II-1', '0', 'Gas%20operated%20generators%20are%20low%20cost%2C%20but%20do%20not%20provide%20long%20lasting%20durability.%20They%20also%20have%20low%20power%20output%20making%20them%20limited%20to%20E-20%20and%20A-20%20Reactors.%20The%20gas%20generator%20is%20only%20available%20in%20the%2016%20ft%20trailer%20and%20is%20mounted%20in%20the%20%93dog%20house%94%20on%20our%20EZ%20slide%20system.', 'info/17_5_kw_gas_generator.jpg'),
(129, 'II-2', '0', 'Small%20diesel%20powered%20generator%20is%20powerful%2C%20durable%2C%20and%20compact%3B%20making%20it%20capable%20of%20fitting%20in%20the%20%93dog%20house%94%20of%20the%2016%20ft%20trailer.%20Upgrading%20from%20the%20gas%20generator%20to%20this%20diesel%20will%20add%20years%20of%20trouble%20free%20performance%20and%20reliability.', 'info/20_kW_Diesel.jpg'),
(130, 'II-3', '0', 'Diesel%20generator%20provides%20enough%20power%20for%20any%20Graco%20Reactor.%20Has%20optional%20screw%20compressor%20%28see%20air%20compressor%20section%20next%29%20that%20mounts%20directly%20to%20generator%20saving%20space%20and%20power%20draw.', 'info/40_kW_Gen.jpg'),
(131, 'J', '0', 'Like%20sizing%20a%20generator%2C%20the%20right%20compressor%20will%20be%20dependent%20on%20the%20air%20requirement%20%28scfm%29%20of%20the%20tools%20you%20use.%20Mobile%20spray%20rigs%20use%20several%20pieces%20of%20air%20operated%20equipment%2C%20all%20of%20which%20put%20a%20demand%20on%20the%20air%20compressor.%20The%20drum%20pumps%2C%20spray%20guns%2C%20agitators%20%28optional%29%2C%20and%20fresh%20air%20supply%20systems%20%28optional%29%20all%20require%20compressed%20air.%20Other%20tools%20in%20your%20trade%20may%20also%20require%20compressed%20air.%20For%20example%20scarfers%20used%20in%20the%20foam%20industry%20can%20require%20up%20to%2030%20scfm%20of%20air.%20Another%20consideration%20is%20space%20and%20weight.%20%3Cbr%20%2F%3E%3Cbr%20%2F%3ECJ%20Spray%20offers%20two%20types%20of%20compressors%3A%20electric%20driven%20piston%20compressors%20and%20a%20belt%20driven%20screw%20compressor%20mounted%20on%20the%20generator.%20Electric%20compressors%20are%20cost%20effective%20and%20are%20available%20on%20vertical%20or%20horizontal%20mounted%20tanks.%20Vertical%20tanks%20are%20used%20in%20our%2016%20ft%2C%2020%20ft%2C%20and%20box%20truck%20models%2C%20and%20the%20horizontal%20tanks%20are%20mounted%20above%20the%20cab%20over%20of%20our%20gooseneck%20trailers.%20Our%20screw%20compressor%20option%20is%20mounted%20on%20our%2040%20kW%20generator%20and%20runs%20directly%20off%20the%20diesel%20engine%2C%20so%20there%20is%20no%20electrical%20requirement.%20In%20most%20applications%20a%20tank%20is%20not%20required%20saving%20value%20weight%20and%20space%20making%20the%20screw%20compressor%20a%20great%20option%20for%2020%20ft%20bumper%20pull%20trailers.', 'info/PC030198.jpg'),
(132, 'J-1', '0', '18.1%20scfm%20%40%20120%20psi.%2060%20Gallon%20vertical%20tank.%20110%20Volt%20automatic%20tank%20drain%20included.', 'info/electric_compressor_c_aire.jpg'),
(133, 'J-2', '0', '18.1%20scfm%20%40%20120%20psi.%2060%20Gallon%20horizontal%20tank%20is%20mounted%20remotely%20in%20cab-over.%20110%20Volt%20automatic%20tank%20drain%20included.', 'info/Sprayer_Pics_023.jpg'),
(134, 'J-3', '0', '17.5%20scfm%20%40%20120%20psi.%2060%20Gallon%20vertical%20tank.%20110%20Volt%20automatic%20tank%20drain%20included.', 'info/electric_compressor_c_aire.jpg'),
(135, 'J-4', '0', '17.5%20scfm%20%40%20120%20psi.%2060%20Gallon%20horizontal%20tank%20is%20mounted%20remotely%20in%20cab-over.%20110%20Volt%20automatic%20tank%20drain%20included.', 'info/Sprayer_Pics_023.jpg'),
(136, 'J-5', '0', '23.5%20scfm%20%40%20120%20psi.%2060%20Gallon%20vertical%20tank.%20110%20Volt%20automatic%20tank%20drain%20included.', 'info/electric_compressor_c_aire.jpg'),
(137, 'J-6', '0', '23.5%20scfm%20%40%20120%20psi.%2060%20Gallon%20horizontal%20tank%20is%20mounted%20remotely%20in%20cab-over.%20110%20Volt%20automatic%20tank%20drain%20included.', 'info/Sprayer_Pics_023.jpg'),
(138, 'J-7', '0', '40%20scfm%20%40%20120%20psi.%20Mounted%20directly%20to%20generator%20running%20off%20crankshaft%20of%20engine%2C%20so%20it%20pulls%20no%20electrical%20power%20from%20generator.%20No%20air%20tank%20is%20required%20due%20to%20high%20output.%20Screw%20compressor%20saves%20room%20and%20reduces%20weight.', 'info/DSC_0023.jpg'),
(139, 'KK', '0', 'The%20moisture%20sensitivity%20of%20isocyanate%20makes%20clean%2C%20dry%20air%20a%20priority%20for%20any%20mobile%20spray%20rig.', 'info/electric_refridg_air_dryer.jpg'),
(140, 'KK-1', '0', 'Moisture%20trap%2C%20coalescer%2C%20and%20desiccant%20beads%20remove%20moisture%20and%20oil%20from%20compressed%20air.', 'info/dessicant_air_dryer.jpg'),
(141, 'KK-2', '0', '110%20Volt%20electric%20air%20dryer%20removes%20moisture%20from%20compressed%20air%20without%20the%20need%20of%20disposable%20desiccant%20beads.', 'info/Sharpe_Dryaire.jpg'),
(142, 'KK-3', '0', '110%20Volt%20electric%20air%20dryer%20removes%20moisture%20from%20compressed%20air%20without%20the%20need%20of%20disposable%20desiccant%20beads.', 'info/Sharpe_Dryaire.jpg'),
(143, 'KK-4', '0', '110%20Volt%20electric%20air%20dryer%20removes%20moisture%20from%20compressed%20air%20without%20the%20need%20of%20disposable%20desiccant%20beads.', 'info/electric_refridg_air_dryer.jpg'),
(144, 'L', '0', 'Respiratory%20protection%20is%20vital%20while%20spraying%20and%20required%20by%20OSHA%20and%20NIOSH%20regulation.', 'info/P4150091.jpg'),
(145, 'L-0', '0', 'No%20additional%20information%20available%20for%20this%20selection%20at%20this%20time.', ''),
(146, 'L-1', '0', 'Mounted%20on%20interior%20wall%20of%20trailer%20creates%20grade%20D%20breathable%20air%20from%20the%20air%20compressor%20mounted%20in%20trailer.%20Includes%20carbon%20monoxide%20detector.%20300%20feet%20of%20Grade%20D%20breathable%20air%20line%20and%203M%20full%20face%20mask.%20Hose%20wrap%20is%20mounted%20on%20barn%20door.%20Has%20capability%20of%20running%20several%20masks.', 'info/martech_fresh_air_supply.jpg'),
(147, 'L-2', '0', 'Mounted%20on%20interior%20wall%20of%20trailer%20creates%20grade%20D%20breathable%20air%20from%20the%20air%20compressor%20mounted%20in%20trailer.%20Includes%20carbon%20monoxide%20detector.%20300%20feet%20of%20Grade%20D%20breathable%20air%20line%20and%20Bullard%20full%20face%20mask.%20Hose%20wrap%20is%20mounted%20on%20barn%20door.%20Has%20capability%20of%20running%20several%20masks.', ''),
(148, 'L-3', '0', '110%20Volt%20portable%20ambient%20air%20compressor%20comes%20with%20100%20feet%20of%20hose%20and%20Allegro%20full%20face%20mask.', 'info/Allegro.jpg'),
(149, 'I-4', '0', '110%20Volt%20portable%20ambient%20air%20compressor%20comes%20with%20%282x%29%20100%20feet%20of%20hose%20and%20Allegro%20full%20face%20mask', 'info/Allegro.jpg'),
(150, 'L-5', '0', '110%20Volt%20portable%20ambient%20air%20compressor%20comes%20with%20100%20feet%20of%20hose%20and%20Bullard%20full%20face%20mask.', ''),
(151, 'I-6', '0', '110%20Volt%20portable%20ambient%20air%20compressor%20comes%20with%20%282x%29%20100%20feet%20of%20hose%20and%20Bullard%20full%20face%20mask.', ''),
(152, 'MM', '0', 'Keep%20material%20and%20work%20space%20warm%20with%20heaters.', 'info/wall_heater.jpg'),
(153, 'MM-0', '0', 'No%20additional%20information%20available%20for%20this%20selection%20at%20this%20time.', ''),
(154, 'MM-1', '0', 'Runs%20off%20generator%20or%20shore%20power%20hook-up.%20Mounts%20flush%20in%20dividing%20wall.%20Includes%20thermostat.', 'info/Electric_Heater_110.jpg'),
(155, 'MM-2', '0', 'More%20BTUs%2C%20but%20runs%20off%20generator%20only.%20Mounts%20flush%20in%20dividing%20wall.%20Includes%20thermostat.', 'info/Wall_Heater_240.jpg'),
(156, 'MM-3', '0', 'Can%20run%2024%20hours%20a%20day%2C%207%20days%20a%20week.%20Runs%20on%20diesel%20fuel%20and%2012%20volt%20dc%20power.%20Burns%20only%20one%20gallon%20of%20fuel%20per%2016%20hours%2C%20and%20can%20run%20for%2048%20hours%20without%20charge.%20Battery%20will%20charge%20off%20generator%20or%20shore%20power.%20Great%20option%20for%20contractors%20that%20travel%20long%20distances%2C%20do%20a%20lot%20of%20commercial%2Findustrial%20work%2C%20or%20do%20not%20have%20a%20heated%20facility%20to%20park%20in.', 'info/airtronic_heater.jpg'),
(157, 'N', '0', 'Air%20conditioners%20are%20not%20just%20for%20your%20comfort.%20245fa%20blowing%20agent%20found%20in%20many%20foams%20will%20easily%20froth%20when%20hot.%20Installing%20an%20air%20conditioner%20in%20your%20mobile%20rig%20can%20keep%20your%20material%20cool%20and%20help%20prevent%20frothing%20which%20leads%20to%20equipment%20problems%20and%20lower%20yields%20from%20your%20SPF.%20If%20you%20are%20a%20insulation%20contractor%20in%20hot%20southern%20climates%20an%20air%20conditioner%20is%20a%20must.', 'info/air_conditioner.jpg'),
(158, 'N-0', '0', 'No%20additional%20information%20available%20for%20this%20selection%20at%20this%20time.', ''),
(159, 'N-1', '0', 'Roof%20mounted%20air%20conditioner%20runs%20on%20110%20Volt%20power%20and%20can%20provide%20some%20heat%20in%20cool%20weather%20%28except%20on%20AiMS%20trailer%20where%20heat%20strip%20is%20removed%29.', 'info/air_conditioner.jpg');

-- --------------------------------------------------------

--
-- Table structure for table `options`
--

CREATE TABLE IF NOT EXISTS `options` (
  `index` int(11) unsigned NOT NULL AUTO_INCREMENT,
  `id` varchar(100) DEFAULT NULL,
  `dealer_only` varchar(100) DEFAULT NULL,
  `image` varchar(100) DEFAULT NULL,
  `label` varchar(400) DEFAULT NULL,
  `info_index` varchar(100) DEFAULT NULL,
  PRIMARY KEY (`index`)
) ENGINE=InnoDB  DEFAULT CHARSET=latin1 AUTO_INCREMENT=22 ;

--
-- Dumping data for table `options`
--

INSERT INTO `options` (`index`, `id`, `dealer_only`, `image`, `label`, `info_index`) VALUES
(1, 'A', '0', 'fpo-option-image.jpg', 'Accessories', NULL),
(2, 'B', '0', 'fpo-option-image.jpg', 'Platform', '15'),
(3, 'BA', '0', 'fpo-option-image.jpg', 'Proportioner%20Make', NULL),
(4, 'CC', '0', 'fpo-option-image.jpg', 'Proportioner%20Model', '29'),
(5, 'D', '0', 'fpo-option-image.jpg', 'Heated%20Hose%20Length', '73'),
(6, 'CD', '0', 'fpo-option-image.jpg', 'Second%20Proportioner%20Model', NULL),
(7, 'DA', '0', 'fpo-option-image.jpg', 'Second%20Proportioner%20Heated%20Hose%20Length', NULL),
(8, 'EE', '0', 'fpo-option-image.jpg', 'Spray%20Gun', '108'),
(9, 'F', '0', 'fpo-option-image.jpg', 'Feed%20Pumps', '112'),
(10, 'G', '0', 'fpo-option-image.jpg', 'Recirculation%20Kit%3A%20Manifold', NULL),
(11, 'GG', '0', 'fpo-option-image.jpg', 'Recirculation%20Kit%3A%20Heated%20Hose', '117'),
(12, 'II', '0', 'fpo-option-image.jpg', 'Generator', '127'),
(13, 'J', '0', 'fpo-option-image.jpg', 'Air%20Compressor', '131'),
(14, 'KK', '0', 'fpo-option-image.jpg', 'Air%20Drying%20Equipment', '139'),
(15, 'H', '0', 'fpo-option-image.jpg', 'Agitators', '121'),
(16, 'L', '0', 'fpo-option-image.jpg', 'Breathable%20Air', '144'),
(17, 'LA', '0', 'fpo-option-image.jpg', 'Pump%2FFiltration%20Panel', NULL),
(18, 'LB', '0', 'fpo-option-image.jpg', 'Breathing%20Hose', NULL),
(19, 'LC', '0', 'fpo-option-image.jpg', 'Masks', NULL),
(20, 'MM', '0', 'fpo-option-image.jpg', 'Heaters', '152'),
(21, 'N', '0', 'fpo-option-image.jpg', 'Air%20Conditioner', '157');

-- --------------------------------------------------------

--
-- Table structure for table `product_types`
--

CREATE TABLE IF NOT EXISTS `product_types` (
  `id` int(11) unsigned NOT NULL AUTO_INCREMENT,
  `name` varchar(48) DEFAULT NULL,
  PRIMARY KEY (`id`)
) ENGINE=InnoDB  DEFAULT CHARSET=utf8 AUTO_INCREMENT=3 ;

--
-- Dumping data for table `product_types`
--

INSERT INTO `product_types` (`id`, `name`) VALUES
(1, 'CJ Spray'),
(2, 'Graco');

-- --------------------------------------------------------

--
-- Table structure for table `promocodes`
--

CREATE TABLE IF NOT EXISTS `promocodes` (
  `id` int(11) unsigned NOT NULL AUTO_INCREMENT,
  `title` varchar(100) DEFAULT NULL,
  `discount` float DEFAULT NULL,
  `code` varchar(20) DEFAULT NULL,
  PRIMARY KEY (`id`)
) ENGINE=InnoDB  DEFAULT CHARSET=latin1 AUTO_INCREMENT=3 ;

--
-- Dumping data for table `promocodes`
--

INSERT INTO `promocodes` (`id`, `title`, `discount`, `code`) VALUES
(1, 'Demo%2020%25%20Off', 0.2, 'DEMO20'),
(2, 'Demo%2010%25%20Off', 0.1, 'DEMO10');

-- --------------------------------------------------------

--
-- Table structure for table `selections`
--

CREATE TABLE IF NOT EXISTS `selections` (
  `index` int(11) unsigned NOT NULL AUTO_INCREMENT,
  `option_index` varchar(100) DEFAULT NULL,
  `option_id` varchar(100) DEFAULT NULL,
  `id` varchar(100) DEFAULT NULL,
  `info_index` varchar(100) DEFAULT NULL,
  `part_number` varchar(100) DEFAULT NULL,
  `description` varchar(400) DEFAULT NULL,
  `exclude` varchar(800) DEFAULT NULL,
  `dealer_only` varchar(100) DEFAULT NULL,
  `list_price` decimal(10,2) DEFAULT NULL,
  `dealer_price` decimal(10,2) DEFAULT NULL,
  `cj_price` decimal(10,2) DEFAULT NULL,
  `graco_price` decimal(10,2) DEFAULT NULL,
  `image` varchar(100) DEFAULT NULL,
  `product_type` int(11) DEFAULT NULL,
  `categories` varchar(50) DEFAULT NULL,
  PRIMARY KEY (`index`)
) ENGINE=InnoDB  DEFAULT CHARSET=latin1 AUTO_INCREMENT=341 ;

--
-- Dumping data for table `selections`
--

INSERT INTO `selections` (`index`, `option_index`, `option_id`, `id`, `info_index`, `part_number`, `description`, `exclude`, `dealer_only`, `list_price`, `dealer_price`, `cj_price`, `graco_price`, `image`, `product_type`, `categories`) VALUES
(1, '1', 'A', '1', '1', 'DG2950-XL', 'Gloves%2C%20Nitrile%2C%20XL%20-%2050%20Pack', '', '0', '11.00', '11.00', '11.00', '11.00', '', 1, ''),
(2, '1', 'A', '2', '2', 'AP71010', 'Dynasolve%20CU-6%20Gun%20Cleaner%2C%201%20Gal', '', '0', '73.00', '73.00', '73.00', '73.00', '', 1, ''),
(3, '1', 'A', '3', '3', 'AP71004', 'Ecolink%20Gun%20Cleaner%2C%205%20Gal', '', '0', '285.00', '285.00', '285.00', '285.00', '', 1, ''),
(4, '1', 'A', '4', '4', 'DG44-2XL', 'Middleweight%2C%20w%2Fhood%2C%20XXL%2C%2025%20Case', '', '0', '67.00', '67.00', '67.00', '67.00', '', 1, ''),
(5, '1', 'A', '5', '5', '41-1497', 'Fabric%20Stretch%20Sock%2C%2012-Pack', '', '0', '15.00', '15.00', '15.00', '15.00', '', 1, ''),
(6, '1', 'A', '6', '6', '66057', '3M%206000%20Series%20Full%20Face%20Mask%20w%20OV%20Cartridge', '', '0', '166.00', '166.00', '166.00', '166.00', '', 1, ''),
(7, '1', 'A', '7', '7', '07142', 'Lense%20Covers%2C%2025%20Pack', '', '0', '38.00', '38.00', '38.00', '38.00', '', 1, ''),
(8, '1', 'A', '8', '8', '46465', 'Organic%20Vapor%20Cartridge%2C%202%20Pack', '', '0', '19.00', '19.00', '19.00', '19.00', '', 1, ''),
(9, '1', 'A', '9', '9', 'U94048', 'Bung%20Wrench%2C%2055%20Gal', '', '0', '41.00', '41.00', '41.00', '41.00', '', 1, ''),
(10, '1', 'A', '10', '10', '206996', 'Fluid%2C%20Graco%20TSL%2C1%20Gal', '', '0', '111.00', '111.00', '111.00', '111.00', '', 1, ''),
(11, '1', 'A', '11', '11', '', 'Drum%20Heater%2C%2055%20Gal%2C%20110%20V%2C%2080%20Degree%20Power%20Blanket', '', '0', '611.00', '611.00', '611.00', '611.00', '', 1, ''),
(12, '1', 'A', '12', '12', '15C381', 'Dryer%2C%20Desiccand%2C%20Replacement%20Cartridge', '', '0', '48.00', '48.00', '48.00', '48.00', '', 1, ''),
(13, '1', 'A', '13', '13', '28910', '3M%20Chemical%20Sorbent%20Spill%20Response%20Pack%2C%20EA', '', '0', '297.99', '297.99', '297.99', '297.99', '', 1, ''),
(14, '1', 'A', '14', '14', '515RAS', 'RAS%20-%20Respiratory%20Alarm%20Shut%20Down', '', '0', '506.00', '506.00', '506.00', '506.00', '', 1, ''),
(15, '2', 'B', 'A', '16', 'U90085, NHRF8516TA3', '16%27%20Premium', 'CC-2:CC-3:CC-4:CC-5:CC-6:CC-7:CC-8:CC-9:CC-10:CC-11:CC-12:CC-13:CC-14:CC-16:CC-18:CC-19:CC-20:CC-21:CC-22:CC-23:CC-24:CC-25:CC-26:CC-27:CC-28:CC-29:CC-30:CC-31:CC-32:CC-33:CC-34:CC-35:CD-2:CD-3:CD-4:CD-5:CD-6:CD-7:CD-8:CD-9:CD-10:CD-11:CD-12:CD-13:CD-14:CD-16:CD-17:CD-18:CD-19:CD-20:CD-21:CD-22:CD-23:CD-24:CD-25:CD-26:CD-27:CD-28:CD-29:CD-30:CD-31:CD-32:CD-33:CD-34:CD-35:CD-1:CD-2:CD-3:CD-4:CD-5:CD-6:CD-7:CD-8:CD-9:CD-10:CD-11:CD-12:CD-13:CD-14:CD-15:CD-16:CD-17:CD-18:CD-19:CD-20:CD-21:CD-22:CD-23:CD-24:CD-25:CD-26:CD-27:CD-28:CD-29:CD-30:CD-31:CD-32:CD-33:DA-0:DA-1:DA-2:DA-3:DA-8:DA-9:DA-10:DA-15:DA-16:DA-17:DA-18:DA-19:DA-20:DA-21:DA-22:DA-23:DA-24:DA-25:DA-26:DA-27:DA-28:DA-29:DA-30:DA-31:DA-32:DA-33:DA-34:DA-35:DA-36:DA-37:DA-38:DA-39:DA-40:DA-41:DA-42:DA-39:DA-40:DA-41:DA-42:DA-43:DA-', '0', '26806.76', '22801.15', '26806.76', '22801.15', '16pslide.jpg', 1, 'premium'),
(16, '2', 'B', 'B', '17', 'U90086, NHRF8520TA5', '20%27%20Premium', 'CC-1:CC-2:CC-11:CC-12:CC-13:CC-14:CD-1:CD-2:CD-11:CD-12:CD-13:CD-14:CD-1:CD-2:CD-3:CD-4:CD-5:CD-6:CD-7:CD-8:CD-9:CD-10:CD-11:CD-12:CD-13:CD-14:CD-15:CD-16:CD-17:CD-18:CD-19:CD-20:CD-21:CD-22:CD-23:CD-24:CD-25:CD-26:CD-27:CD-28:CD-29:CD-30:CD-31:CD-32:CD-33:CD-34:CD-35:CD-36:DA-0:DA-1:DA-2:DA-3:DA-8:DA-9:DA-10:DA-15:DA-16:DA-17:DA-18:DA-19:DA-20:DA-21:DA-22:DA-23:DA-24:DA-25:DA-26:DA-27:DA-28:DA-29:DA-30:DA-31:DA-32:DA-33:DA-34:DA-35:DA-36:DA-37:DA-38:DA-39:DA-40:DA-41:DA-42:DA-39:DA-40:DA-41:DA-42:DA-43:DA-44:DA-45:DA-46:DA-47:DA-48:DA-49:DA-50:DA-51:DA-52:DA-53:DA-54:DA-55:DA-56::CC-17:EE-1:EE-4:EE-5:EE-8:EE-9:EE-12:EE-13:EE-16:EE-17:EE-20:EE-21:F-12:F-13:F-14:F-15:F-16:F-17:G-5:G-6:G-7:G-8:GG-5:GG-6:GG-7:GG-8:II-0:II-1:II-2:II-3:II-4:II-5:II-9:J-0:J-1:J-2:J-3:J-5:J-8:J-12:KK-5:H-2:MM-2:M', '0', '28316.22', '24085.06', '28316.22', '24085.06', '20BumperPull.jpg', 1, 'premium'),
(17, '2', 'B', 'D', '19', 'U90087, UXGN-8.528TA80', '28%27%20Premium', 'CC-1:CC-2:CC-11:CC-12:CC-13:CC-14:CD-1:CD-2:CD-11:CD-12:CD-13:CD-14:CD-1:CD-2:CD-3:CD-4:CD-5:CD-6:CD-7:CD-8:CD-9:CD-10:CD-11:CD-12:CD-13:CD-14:CD-15:CD-16:CD-17:CD-18:CD-19:CD-20:CD-21:CD-22:CD-23:CD-24:CD-25:CD-26:CD-27:CD-28:CD-29:CD-30:CD-31:CD-32:CD-33:CD-34:CD-35:CD-36:DA-0:DA-1:DA-2:DA-3:DA-8:DA-9:DA-10:DA-15:DA-16:DA-17:DA-18:DA-19:DA-20:DA-21:DA-22:DA-23:DA-24:DA-25:DA-26:DA-27:DA-28:DA-29:DA-30:DA-31:DA-32:DA-33:DA-34:DA-35:DA-36:DA-37:DA-38:DA-39:DA-40:DA-41:DA-42:DA-39:DA-40:DA-41:DA-42::CC-17:EE-1:EE-4:EE-5:EE-8:EE-9:EE-12:EE-13:EE-16:EE-17:EE-20:EE-21:F-12:F-13:F-14:F-15:F-16:F-17:G-5:G-6:G-7:G-8:GG-5:GG-6:GG-7:GG-8:II-0:II-1:II-2:II-3:II-4:II-5:II-9:J-0:J-1:J-2:J-3:J-5:J-8:J-12:KK-5:H-2:MM-2:MM-4:MM-5:N-2:N-3', '0', '36294.59', '30871.26', '36294.59', '30871.26', '28Gooseneck.jpg', 1, 'premium'),
(18, '2', 'B', 'E', '20', 'U90087, U90098-IBP-E, UXGN-8.528TA80', '28%27%20Gooseneck%20Dual', 'CC-1:CC-2:CC-11:CC-12:CC-13:CC-14:CD-1:CD-2:CD-11:CD-12:CD-13:CD-14:II-0:II-1:II-2:II-3:II-4:II-5:II-6:II-9:J-0:J-1:J-2:J-3:J-4:J-5:J-6:J-8:CD-0:DA-57::CC-7:CC-8:CC-9:CC-17:CC-25:CC-26:CC-27:CC-28:CC-32:CC-33:CC-34:CD-7:CD-8:CD-9:CD-17:CD-25:CD-26:CD-27:CD-28:CD-32:CD-33:CD-34:EE-1:EE-2:EE-6:EE-10:EE-14:EE-18:F-1:F-2:F-3:F-4:F-5:F-6:F-7:J-9:J-12:KK-5:MM-2:MM-4:MM-5:N-2:N-3', '0', '38314.86', '32589.66', '38314.86', '32589.66', '28Gooseneck.jpg', 1, 'premium'),
(19, '2', 'B', 'F', '21', 'U90099, NA', 'Box%20Truck', 'CC-1:CC-2:CC-11:CC-12:CC-13:CC-14:CD-1:CD-2:CD-11:CD-12:CD-13:CD-14:CD-1:CD-2:CD-3:CD-4:CD-5:CD-6:CD-7:CD-8:CD-9:CD-10:CD-11:CD-12:CD-13:CD-14:CD-15:CD-16:CD-17:CD-18:CD-19:CD-20:CD-21:CD-22:CD-23:CD-24:CD-25:CD-26:CD-27:CD-28:CD-29:CD-30:CD-31:CD-32:CD-33:CD-34:Cd-35:CD-36:DA-0:DA-1:DA-2:DA-3:DA-8:DA-9:DA-10:DA-15:DA-16:DA-17:DA-18:DA-19:DA-20:DA-21:DA-22:DA-23:DA-24:DA-25:DA-26:DA-27:DA-28:DA-29:DA-30:DA-31:DA-32:DA-33:DA-34:DA-35:DA-36:DA-37:DA-38:DA-39:DA-40:DA-41:DA-42:DA-39:DA-40:DA-41:DA-42::CC-17:EE-1:EE-4:EE-5:EE-8:EE-9:EE-12:EE-13:EE-16:EE-17:EE-20:EE-21:F-12:F-13:F-14:F-15:F-16:F-17:G-5:G-6:G-7:G-8:GG-5:GG-6:GG-7:GG-8:II-0:II-1:II-2:II-3:II-4:II-5:II-9:J-0:J-1:J-2:J-3:J-5:J-8:J-12:KK-5:H-2:MM-2:MM-4:MM-5:N-2:N-3', '0', '15525.68', '13205.75', '15525.68', '13205.75', 'BoxTruck.jpg', 1, 'premium'),
(20, '2', 'B', 'G', '22', 'U90098, NA', 'Box%20Truck%20Dual', 'CC-1:CC-2:CC-11:CC-12:CC-13:CC-14:CD-1:CD-2:CD-11:CD-12:CD-13:CD-14:II-0:II-1:II-2:II-3:II-4:II-5:II-6:II-9:J-0:J-1:J-2:J-3:J-4:J-5:J-6:J-8:CD-0:DA-57::CC-7:CC-8:CC-9:CC-17:CC-25:CC-26:CC-27:CC-28:CC-32:CC-33:CC-34:CD-7:CD-8:CD-9:CD-17:CD-25:CD-26:CD-27:CD-28:CD-32:CD-33:CD-34:EE-1:EE-2:EE-6:EE-10:EE-14:EE-18:F-1:F-2:F-3:F-4:F-5:F-6:F-7:J-9:J-12:KK-5:MM-2:MM-4:MM-5:N-2:N-3', '0', '17545.95', '14924.14', '17545.95', '14924.14', 'BoxTruck.jpg', 1, 'premium'),
(21, '2', 'B', 'H', '23', 'U90090, U90090B', 'AiMS%20Trailer', 'BA-2:BA-3:CC-1:CC-2:CC-3:CC-4:CC-5:CC-6:CC-7:CC-8:CC-9:CC-10:CC-14:CC-15:CC-16:CC-17:CC-18:CC-19:CC-20:CC-21:CC-22:CC-23:CC-24:CC-25:CC-26:CC-27:CC-28:CC-29:CC-30:CC-31:CC-32:CC-33:CC-34:CC-35:CD-1:CD-2:CD-3:CD-4:CD-5:CD-6:CD-7:CD-8:CD-9:CD-10:CD-14:CD-15:CD-16:CD-17:CD-18:CD-19:CD-20:CD-21:CD-22:CD-23:CD-24:CD-25:CD-26:CD-27:CD-28:CD-29:CD-30:CD-31:CD-32:CD-33:CD-34:CD-35:CD-1:CD-2:CD-3:CD-4:CD-5:CD-6:CD-7:CD-8:CD-9:CD-10:CD-11:CD-12:CD-13:CD-14:CD-15:CD-16:CD-17:CD-18:CD-19:CD-20:CD-21:CD-22:CD-23:CD-24:CD-25:CD-26:CD-27:CD-28:CD-29:CD-30:CD-31:CD-32:CD-33:CD-36:DA-0:DA-1:DA-2:DA-3:DA-8:DA-9:DA-10:DA-15:DA-16:DA-17:DA-18:DA-19:DA-20:DA-21:DA-22:DA-23:DA-24:DA-25:DA-26:DA-27:DA-28:DA-29:DA-30:DA-31:DA-32:DA-33:DA-34:DA-35:DA-36:DA-37:DA-38:DA-39:DA-40:DA-41:DA-42:DA-39:DA-40:DA-41:DA-42:D', '0', '40133.78', '34136.78', '40133.78', '34136.78', 'AimsTrailer.jpg', 1, 'aims'),
(22, '2', 'B', 'I', '24', 'T90084, NH7T16TA2', '16%27%20Eco', 'CC-2:CC-3:CC-4:CC-5:CC-6:CC-7:CC-8:CC-9:CC-10:CC-11:CC-12:CC-13:CC-14:CC-16:CC-18:CC-19:CC-20:CC-21:CC-22:CC-23:CC-24:CC-25:CC-26:CC-27:CC-28:CC-29:CC-30:CC-31:CC-32:CC-33:CC-34:CC-35:CD-1:CD-2:CD-3:CD-4:CD-5:CD-6:CD-7:CD-8:CD-9:CD-10:CD-11:CD-12:CD-13:CD-14:CD-15:CD-16:CD-17:CD-18:CD-19:CD-20:CD-21:CD-22:CD-23:CD-24:CD-25:CD-26:CD-27:CD-28:CD-29:CD-30:CD-31:CD-32:CD-33:CD-34:CD-35:CD-36DA-0:DA-1:DA-2:DA-3:DA-8:DA-9:DA-10:DA-15:DA-16:DA-17:DA-18:DA-19:DA-20:DA-21:DA-22:DA-23:DA-24:DA-25:DA-26:DA-27:DA-28:DA-29:DA-30:DA-31:DA-32:DA-33:DA-34:DA-35:DA-36:DA-37:DA-38:DA-39:DA-40:DA-41:DA-42:DA-39:DA-40:DA-41:DA-42:DA-43:DA-44:DA-45:DA-46:DA-47:DA-48:DA-49:DA-50:DA-51:DA-52:DA-53:DA-54:DA-55:DA-56::CC-36:EE-1:EE-4:EE-5:EE-8:EE-9:EE-12:EE-13:EE-16:EE-17:EE-20:EE-21:F-12:F-13:F-14:F-15:F-16:F-17:', '0', '12939.19', '11005.75', '12939.19', '11005.75', '16eco.jpg', 1, 'eco'),
(23, '2', 'B', 'J', '25', 'T60100-00, NH8520TA5', '20%27%20Eco', 'CC-1:CC-2:CC-8:CC-9:CC-11:CC-12:CC-13:CC-14:CC-26:CC-27:CC-28:CC-33:CC-34:CD-1:CD-2:CD-8:CD-9:CD-11:CD-12:CD-13:CD-14:CD-26:CD-27:CD-28:CD-33:CD-34:CD-1:CD-2:CD-3:CD-4:CD-5:CD-6:CD-7:CD-8:CD-9:CD-10:CD-11:CD-12:CD-13:CD-14:CD-15:CD-16:CD-17:CD-18:CD-19:CD-20:CD-21:CD-22:CD-23:CD-24:CD-25:CD-26:CD-27:CD-28:CD-29:CD-30:CD-31:CD-32:CD-33:CD-34:CD-35:CD-36:DA-0:DA-1:DA-2:DA-3:DA-8:DA-9:DA-10:DA-15:DA-16:DA-17:DA-18:DA-19:DA-20:DA-21:DA-22:DA-23:DA-24:DA-25:DA-26:DA-27:DA-28:DA-29:DA-30:DA-31:DA-32:DA-33:DA-34:DA-35:DA-36:DA-37:DA-38:DA-39:DA-40:DA-41:DA-42:DA-39:DA-40:DA-41:DA-42:DA-43:DA-44:DA-45:DA-46:DA-47:DA-48:DA-49:DA-50:DA-51:DA-52:DA-53:DA-54:DA-55:DA-56::CC-7:CC-36:CC-17:CC-25:CC-32:EE-1:EE-4:EE-5:EE-8:EE-9:EE-12:EE-13:EE-16:EE-17:EE-20:EE-21:F-12:F-13:F-14:F-15:F-16:F-17:G-5:G-6:G-7:', '0', '22606.76', '19228.74', '22606.76', '19228.74', '20eco.jpg', 1, 'eco'),
(24, '2', 'B', 'K', '26', 'T10454-00, NH712TA2', '12%27%20LP', 'BA-1:BA-3:CC-15:CC-16:CD-15:CD-16:CD-1:CD-2:CD-3:CD-4:CD-5:CD-6:CD-7:CD-8:CD-9:CD-10:CD-11:CD-12:CD-13:CD-14:CD-15:CD-16:CD-17:CD-18:CD-19:CD-20:CD-21:CD-22:CD-23:CD-24:CD-25:CD-26:CD-27:CD-28:CD-29:CD-30:CD-31:CD-32:CD-33:CC-34:CD-35:CD-36:DA-0:DA-1:DA-2:DA-3:DA-8:DA-9:DA-10:DA-15:DA-16:DA-17:DA-18:DA-19:DA-20:DA-21:DA-22:DA-23:DA-24:DA-25:DA-26:DA-27:DA-28:DA-29:DA-30:DA-31:DA-32:DA-33:DA-34:DA-35:DA-36:DA-37:DA-38:DA-39:DA-40:DA-41:DA-42:DA-39:DA-40:DA-41:DA-42:DA-43:DA-44:DA-45:DA-46:DA-47:DA-48:DA-49:DA-50:DA-51:DA-52:DA-53:DA-54:DA-55:DA-56::CC-11:CC-12:CC-13:CC-17:F-1:F-2:F-3:F-4:F-5:F-7:F-12:F-13:F-14:F-15:F-16:F-17:G-2:G-5:G-6:G-7:G-8:GG-5:GG-6:GG-7:GG-8:II-2:II-3:II-4:II-5:II-6:II-7:II-10:II-8:II-9:J-0:J-1:J-2:J-3:J-6:J-8:J-9:J-10:KK-0:KK-1:KK-2:KK-3:KK-4:H-2:MM-1:MM-2:MM-3:MM-5:', '0', '12836.49', '10918.39', '12836.49', '10918.39', 'lp12.png', 1, 'lp'),
(25, '2', 'B', 'L', '27', 'T90900-11, ', 'CJ%20Cart', 'BA-2:BA-3:CC-1:CC-2:CC-11:CC-12:CC-13:CC-14:CD-1:CD-2:CD-11:CD-12:CD-13:CD-14:CD-1:CD-2:CD-3:CD-4:CD-5:CD-6:CD-7:CD-8:CD-9:CD-10:CD-11:CD-12:CD-13:CD-14:CD-15:CD-16:CD-17:CD-18:CD-19:CD-20:CD-21:CD-22:CD-23:CD-24:CD-25:CD-26:CD-27:CD-28:CD-29:CD-30:CD-31:CD-32:CD-33:CD-36:DA-0:DA-1:DA-2:DA-3:DA-8:DA-9:DA-10:DA-15:DA-16:DA-17:DA-18:DA-19:DA-20:DA-21:DA-22:DA-23:DA-24:DA-25:DA-26:DA-27:DA-28:DA-29:DA-30:DA-31:DA-32:DA-33:DA-34:DA-35:DA-36:DA-37:DA-38:DA-39:DA-40:DA-41:DA-42:DA-39:DA-40:DA-41:DA-42:DA-43:DA-44:DA-45:DA-46:DA-47:DA-48:DA-49:DA-50:DA-51:DA-52:DA-53:DA-54:DA-55:DA-56::CC-36:CC-17:EE-1:EE-4:EE-5:EE-8:EE-9:EE-12:EE-13:EE-16:EE-17:EE-20:EE-21:F-12:F-13:F-14:F-15:F-16:F-17:G-5:G-6:G-7:G-8:GG-5:GG-6:GG-7:GG-8:II-1:II-2:II-3:II-4:II-5:II-6:II-7:II-10:II-8:II-9:J-1:J-2:J-3:J-5:J-6:J-9:', '0', '12370.27', '10521.84', '12370.27', '10521.84', 'cart.jpg', 1, 'carts'),
(26, '2', 'B', 'M', '28', 'T10452-00, ', 'LP%20Cart', 'BA-1:BA-3:CC-15:CC-16:CD-15:CD-16:CD-1:CD-2:CD-3:CD-4:CD-5:CD-6:CD-7:CD-8:CD-9:CD-10:CD-11:CD-12:CD-13:CD-14:CD-15:CD-16:CD-17:CD-18:CD-19:CD-20:CD-21:CD-22:CD-23:CD-24:CD-25:CD-26:CD-27:CD-28:CD-29:CD-30:CD-31:CD-32:CD-33:CD-34:CD-35:CD-36:DA-0:DA-1:DA-2:DA-3:DA-8:DA-9:DA-10:DA-15:DA-16:DA-17:DA-18:DA-19:DA-20:DA-21:DA-22:DA-23:DA-24:DA-25:DA-26:DA-27:DA-28:DA-29:DA-30:DA-31:DA-32:DA-33:DA-34:DA-35:DA-36:DA-37:DA-38:DA-39:DA-40:DA-41:DA-42:DA-39:DA-40:DA-41:DA-42:DA-43:DA-44:DA-45:DA-46:DA-47:DA-48:DA-49:DA-50:DA-51:DA-52:DA-53:DA-54:DA-55:DA-56::CC-11:CC-12:CC-13:CC-36:CC-17:F-2:F-3:F-4:F-5:F-7:F-12:F-13:F-14:F-15:F-16:F-17:G-2:G-5:G-6:G-7:GG-5:GG-6:GG-7:GG-8:II-1:II-2:II-3:II-4:II-5:II-6:II-7:II-10:II-8:II-9:J-0:J-1:J-2:J-3:J-5:J-6:J-8:J-9:J-10:KK-0:KK-1:KK-2:KK-3:KK-4:H-2:MM-0:MM-1:MM-', '0', '7432.43', '6321.84', '7432.43', '6321.84', 'lpcart.png', 1, 'carts'),
(27, '3', 'BA', '1', NULL, '', 'Graco', ':B-K:B-M:CC-35:CC-14:CC-15:CC-36:CC-16:CC-17:CC-18:CC-19:CC-20:CC-21:CC-22:CC-23:CC-24:CC-25:CC-26:CC-27:CC-28:CC-29:CC-30:CC-31:CC-32:CC-33:CC-34:D-0:D-29:D-30:D-31:D-32:D-33:D-34:D-35:D-36:D-37:D-38:D-39:D-40:D-41:D-42:CD-35:CD-14:CD-15:CD-36:CD-16:CD-17:CD-18:CD-19:CD-20:CD-21:CD-22:CD-23:CD-24:CD-25:CD-26:CD-27:CD-28:CD-29:CD-30:CD-31:CD-32:CD-33:CD-34:DA-0:DA-29:DA-30:DA-31:DA-32:DA-33:DA-34:DA-35:DA-36:DA-37:DA-38:DA-39:DA-40:DA-41:DA-42:F-5:F-8:F-9:F-10:F-11:G-3:G-4:G-6:G-7:G-8:II-4:J-4:H-5:H-10', '0', '0.00', '0.00', '0.00', '0.00', '', 2, ''),
(28, '3', 'BA', '2', NULL, '', 'Titan', ':B-H:B-L:CC-1:CC-2:CC-3:CC-4:CC-5:CC-6:CC-7:CC-8:CC-9:CC-10:CC-11:CC-12:CC-13:CC-35:CC-17:CC-18:CC-19:CC-20:CC-21:CC-22:CC-23:CC-24:CC-25:CC-26:CC-27:CC-28:CC-29:CC-30:CC-31:CC-32:CC-33:CC-34:D-1:D-2:D-3:D-4:D-5:D-8:D-9:D-10:D-15:D-16:D-17:D-18:D-19:D-20:D-21:D-22:D-23:D-24:D-25:D-26:D-27:D-28:D-43:D-44:D-45:D-46:D-47:D-48:D-49:D-50:D-51:D-52:D-53:D-54:D-55:D-56:D-29:D-30:D-31:D-32:D-33:D-34:D-35:D-36:D-37:D-38:D-39:D-40:D-41:D-42:CD-1:CD-2:CD-3:CD-4:CD-5:CD-6:CD-7:CD-8:CD-9:CD-10:CD-11:CD-12:CD-13:CD-35:CD-17:CD-18:CD-19:CD-20:CD-21:CD-22:CD-23:CD-24:CD-25:CD-26:CD-27:CD-28:CD-29:CD-30:CD-31:CD-32:CD-33:CD-34:DA-1:DA-2:DA-3:DA-8:DA-9:DA-10:DA-15:DA-16:DA-17:DA-18:DA-19:DA-20:DA-21:DA-22:DA-23:DA-24:DA-25:DA-26:DA-27:DA-28:DA-43:DA-44:DA-45:DA-46:DA-47:DA-48:DA-49:DA-50:DA-51:DA-52:DA-53:D', '0', '0.00', '0.00', '0.00', '0.00', '', 2, ''),
(29, '3', 'BA', '3', NULL, '', 'PMC', ':B-H:B-K:B-L:B-M:CC-1:CC-2:CC-3:CC-4:CC-5:CC-6:CC-7:CC-8:CC-9:CC-10:CC-11:CC-12:CC-13:CC-14:CC-15:CC-36:CC-16:D-0:D-1:D-2:D-3:D-4:D-5:D-8:D-9:D-10:D-15:D-16:D-17:D-18:D-19:D-20:D-21:D-22:D-23:D-24:D-25:D-26:D-27:D-28:D-43:D-44:D-45:D-46:D-47:D-48:D-49:D-50:D-51:D-52:D-53:D-54:D-55:D-56:CD-1:CD-2:CD-3:CD-4:CD-5:CD-6:CD-7:CD-8:CD-9:CD-10:CD-11:CD-12:CD-13:CD-14:CD-15:CD-36:CD-16:DA-0:DA-1:DA-2:DA-3:DA-8:DA-9:DA-10:DA-15:DA-16:DA-17:DA-18:DA-19:DA-20:DA-21:DA-22:DA-23:DA-24:DA-25:DA-26:DA-27:DA-28:DA-43:DA-44:DA-45:DA-46:DA-47:DA-48:DA-49:DA-50:DA-51:DA-52:DA-53:DA-54:DA-55:DA-56:F-8:F-9:F-10:F-11:G-2:G-5:G-8:II-4:J-4:H-5:H-10', '0', '0.00', '0.00', '0.00', '0.00', '', 2, ''),
(30, '4', 'CC', '1', NULL, '259025', 'E-20%2C%206.0%20kW%20Heater', 'BA-2:BA-3::B-B:B-D:B-E:B-F:B-G:B-H:B-J:B-L:D-4:D-5:D-8:D-9:D-10:D-15:D-16:D-17:D-18:D-19:D-20:D-21:D-22:D-23:D-24:D-25:D-26:D-27:D-28:D-43:D-44:D-45:D-46:D-47:D-48:D-49:D-50:D-51:D-52:D-53:D-54:D-55:D-56:D-29:D-30:D-31:D-32:D-33:D-34:D-35:D-36:D-37:D-38:D-39:D-40:D-41:D-42', '0', '18820.00', '13174.00', '15056.00', '11292.00', '', 2, ''),
(31, '4', 'CC', '2', NULL, '259033', 'E-XP1%2C%2010.2%20kW%20Heater', 'BA-2:BA-3::B-A:B-B:B-D:B-E:B-F:B-G:B-H:B-I:B-J:B-L:D-1:D-2:D-3:D-4:D-5:D-15:D-16:D-17:D-18:D-19:D-20:D-21:D-22:D-23:D-24:D-25:D-26:D-27:D-28:D-43:D-44:D-45:D-46:D-47:D-48:D-49:D-50:D-51:D-52:D-53:D-54:D-55:D-56:D-29:D-30:D-31:D-32:D-33:D-34:D-35:D-36:D-37:D-38:D-39:D-40:D-41:D-42:F-1', '0', '19910.00', '13937.00', '15928.00', '11946.00', '', 2, ''),
(32, '4', 'CC', '3', NULL, '272010', 'R2%20E-30%2C%2010.2%20kW%20Heater', 'BA-2:BA-3::B-A:B-H:B-I:D-1:D-2:D-3:D-4:D-5:D-8:D-9:D-10:D-20:D-21:D-22:D-23:D-24:D-25:D-26:D-27:D-28:D-48:D-49:D-50:D-51:D-52:D-53:D-54:D-55:D-56:D-29:D-30:D-31:D-32:D-33:D-34:D-35:D-36:D-37:D-38:D-39:D-40:D-41:D-42:F-1:F-6', '0', '24120.00', '16884.00', '19296.00', '14472.00', '', 2, ''),
(33, '4', 'CC', '4', '30', '272011', 'R2%20E-30%2C%2015.3%20kW%20Heater', 'BA-2:BA-3::B-A:B-H:B-I:D-1:D-2:D-3:D-4:D-5:D-8:D-9:D-10:D-20:D-21:D-22:D-23:D-24:D-25:D-26:D-27:D-28:D-48:D-49:D-50:D-51:D-52:D-53:D-54:D-55:D-56:D-29:D-30:D-31:D-32:D-33:D-34:D-35:D-36:D-37:D-38:D-39:D-40:D-41:D-42:F-1:F-6', '0', '25560.00', '17892.00', '20448.00', '15336.00', '', 2, ''),
(34, '4', 'CC', '5', '31', '17H031', 'R2%20H-30%2C%2010%20kW%20Heater', 'BA-2:BA-3::B-A:B-H:B-I:D-1:D-2:D-3:D-4:D-5:D-8:D-9:D-10:D-20:D-21:D-22:D-23:D-24:D-25:D-26:D-27:D-28:D-48:D-49:D-50:D-51:D-52:D-53:D-54:D-55:D-56:D-29:D-30:D-31:D-32:D-33:D-34:D-35:D-36:D-37:D-38:D-39:D-40:D-41:D-42:F-1:F-6', '0', '27880.00', '19516.00', '22304.00', '16728.00', '', 2, ''),
(35, '4', 'CC', '6', '32', '17H032', 'R2%20H-30%2C%2015%20kW%20Heater', 'BA-2:BA-3::B-A:B-H:B-I:D-1:D-2:D-3:D-4:D-5:D-8:D-9:D-10:D-20:D-21:D-22:D-23:D-24:D-25:D-26:D-27:D-28:D-48:D-49:D-50:D-51:D-52:D-53:D-54:D-55:D-56:D-29:D-30:D-31:D-32:D-33:D-34:D-35:D-36:D-37:D-38:D-39:D-40:D-41:D-42:F-1:F-6', '0', '29390.00', '20573.00', '23512.00', '17634.00', '', 2, ''),
(36, '4', 'CC', '7', '33', '17H043', 'R2%20H-40%2C%2015%20kW%20Heater', 'BA-2:BA-3:II-6:B-E:B-G:B-J::B-A:B-H:B-I:D-1:D-2:D-3:D-4:D-5:D-8:D-9:D-10:D-22:D-23:D-24:D-25:D-26:D-27:D-28:D-50:D-51:D-52:D-53:D-54:D-55:D-56:D-29:D-30:D-31:D-32:D-33:D-34:D-35:D-36:D-37:D-38:D-39:D-40:D-41:D-42:F-1:F-6', '0', '32300.00', '22610.00', '25840.00', '19380.00', '', 2, ''),
(37, '4', 'CC', '8', '34', '17H044', 'R2%20H-40%2C%2020%20kW%20Heater', 'BA-2:BA-3:II-6:B-E:B-G::B-A:B-H:B-I:B-J:D-1:D-2:D-3:D-4:D-5:D-8:D-9:D-10:D-22:D-23:D-24:D-25:D-26:D-27:D-28:D-50:D-51:D-52:D-53:D-54:D-55:D-56:D-29:D-30:D-31:D-32:D-33:D-34:D-35:D-36:D-37:D-38:D-39:D-40:D-41:D-42:F-1:F-6', '0', '33320.00', '23324.00', '26656.00', '19992.00', '', 2, ''),
(38, '4', 'CC', '9', '35', '17H074', 'R2%20H-XP3%2C%2020%20kW%20Heater', 'BA-2:BA-3:II-6:B-E:B-G::B-A:B-H:B-I:B-J:D-1:D-2:D-3:D-4:D-5:D-8:D-9:D-10:D-15:D-16:D-17:D-18:D-19:D-20:D-21:D-43:D-44:D-45:D-46:D-47:D-48:D-49:D-29:D-30:D-31:D-32:D-33:D-34:D-35:D-36:D-37:D-38:D-39:D-40:D-41:D-42:F-1:F-6', '0', '33320.00', '23324.00', '26656.00', '19992.00', '', 2, ''),
(39, '4', 'CC', '10', '36', '272012', 'R2%20E-XP2%2C%2015.3%20kW%20Heater', 'BA-2:BA-3::B-A:B-H:B-I:D-1:D-2:D-3:D-4:D-5:D-8:D-9:D-10:D-15:D-16:D-17:D-18:D-19:D-20:D-21:D-27:D-28:D-43:D-44:D-45:D-46:D-47:D-48:D-49:D-55:D-56:D-29:D-30:D-31:D-32:D-33:D-34:D-35:D-36:D-37:D-38:D-39:D-40:D-41:D-42:F-1:F-6', '0', '26900.00', '18830.00', '21520.00', '16140.00', '', 2, ''),
(40, '4', 'CC', '11', '37', '272079', 'R2%20E-30i%3A%20Integrated%20Reactor', 'BA-2:BA-3:B-A:B-B:B-D:B-E:B-F:B-G:B-I:B-J:B-K:B-L:B-M::D-1:D-2:D-3:D-4:D-5:D-8:D-9:D-10:D-19:D-20:D-21:D-22:D-23:D-24:D-25:D-26:D-27:D-28:D-47:D-48:D-49:D-50:D-51:D-52:D-53:D-54:D-55:D-56:D-29:D-30:D-31:D-32:D-33:D-34:D-35:D-36:D-37:D-38:D-39:D-40:D-41:D-42:F-1:F-2:F-6:F-7:LA-4:LA-7:MM-3', '0', '56120.00', '39284.00', '44896.00', '33672.00', '', 2, ''),
(41, '4', 'CC', '12', '38', '272080', 'R2%20E-30i%2C%20High%20Heat%3A%20Integrated%20Reactor', 'BA-2:BA-3:B-A:B-B:B-D:B-E:B-F:B-G:B-I:B-J:B-K:B-L:B-M::D-1:D-2:D-3:D-4:D-5:D-8:D-9:D-10:D-19:D-20:D-21:D-22:D-23:D-24:D-25:D-26:D-27:D-28:D-47:D-48:D-49:D-50:D-51:D-52:D-53:D-54:D-55:D-56:D-29:D-30:D-31:D-32:D-33:D-34:D-35:D-36:D-37:D-38:D-39:D-40:D-41:D-42:F-1:F-2:F-6:F-7:LA-4:LA-7:MM-3:N-1', '0', '59210.00', '41447.00', '47368.00', '35526.00', '', 2, ''),
(42, '4', 'CC', '13', '39', '272081', 'R2%20E-XP2i%2C%20High%20Heat%3A%20Integrated%20Reactor', 'BA-2:BA-3:B-A:B-B:B-D:B-E:B-F:B-G:B-I:B-J:B-K:B-L:B-M::D-1:D-2:D-3:D-4:D-5:D-8:D-9:D-10:D-15:D-16:D-17:D-18:D-19:D-20:D-21:D-26:D-27:D-28:D-43:D-44:D-45:D-46:D-47:D-48:D-49:D-54:D-55:D-56:D-29:D-30:D-31:D-32:D-33:D-34:D-35:D-36:D-37:D-38:D-39:D-40:D-41:D-42:F-1:F-2:F-6:F-7:LA-4:LA-7:MM-3:N-1', '0', '60380.00', '42266.00', '48304.00', '36228.00', '', 2, ''),
(43, '4', 'CC', '35', '59', '105234', 'PMC%20PH-2%2C%2014kW%2C%2090vT%2C%2065%20Amps', 'BA-1:BA-2:G-4::B-A:B-H:B-I:D-8:D-9:D-10:D-15:D-16:D-17:D-18:D-19:D-20:D-21:D-22:D-23:D-24:D-25:D-26:D-27:D-28:D-43:D-44:D-45:D-46:D-47:D-48:D-49:D-50:D-51:D-52:D-53:D-54:D-55:D-56:D-34:D-35:D-36:D-37:D-38:D-39:D-40:D-41:D-42:F-1:F-6', '0', '16785.00', '13931.55', '15106.50', '11749.50', '', 2, ''),
(44, '4', 'CC', '14', '40', '0138040', 'Titan%20Helix%20LP%20-%20w%2F%20200%27%20of%20hose', 'BA-1:BA-3:B-A:B-B:B-D:B-E:B-F:B-G:B-H:B-I:B-J:B-L::D-29:D-30:D-31:D-32:D-33:D-34:D-35:D-36:D-37:D-38:D-39:D-40:D-41:D-42:EE-0:EE-2:EE-3:EE-4:EE-5:EE-6:EE-7:EE-8:EE-9:EE-10:EE-11:EE-12:EE-13:EE-14:EE-15:EE-16:EE-17:EE-18:EE-19:EE-20:EE-21:F-1:H-2:H-3:H-4:H-5', '0', '25542.00', '17880.00', '19156.50', '17880.00', '', 2, ''),
(45, '4', 'CC', '15', '41', '0138010', 'Titan%20Helix%20FR28%20-%20w%2F%20200%27%20of%20hose%20%2848%20Amps%201ph%29', 'BA-1:BA-3::B-H:B-K:B-M:D-29:D-30:D-31:D-32:D-33:D-34:D-35:D-36:D-37:D-38:D-39:D-40:D-41:D-42', '0', '26000.00', '18200.00', '19500.00', '18200.00', '', 2, ''),
(46, '4', 'CC', '36', '60', '0138057', 'Titan%20Helix%20FR28%20-%20w%2F%20200%27%20of%20hose%20%283ph%29', 'BA-1:BA-3:B-A:B-H:B-I:B-J:B-L:B-M:', '0', '27309.00', '21847.20', '24578.10', '21847.20', '', 2, ''),
(47, '4', 'CC', '16', '42', '0138013', 'Titan%20Helix%20VR%202.3%20-%20w%2F%20200%27%20of%20hose%20%283phase%29', 'BA-1:BA-3::B-A:B-H:B-I:B-K:B-M:D-29:D-30:D-31:D-32:D-33:D-34:D-35:D-36:D-37:D-38:D-39:D-40:D-41:D-42:F-6', '0', '37586.00', '26310.20', '28190.00', '26310.20', '', 2, ''),
(48, '4', 'CC', '17', '43', '105122', 'PMC%20PH-2%2C%207.5kW%2C%2070vT%20%281%20Phase%2C%2066%20amps%2C%20200ft%29', 'BA-1:BA-2:B-B:B-D:B-E:B-F:B-G:B-H:B-J:B-K:B-L:B-M:D-32:D-33:D-34:D-35:II-2:II-3:J-5:G-4:N-1::D-36:D-37:D-38:D-39:D-40:D-41:D-42:F-6', '0', '16785.00', '13931.55', '15106.50', '11749.50', '', 2, ''),
(49, '4', 'CC', '18', '44', '105232', 'PMC%20PH-2%2C%207.5kW%2C%2090vT%2C%2042%20Amps', 'BA-1:BA-2:G-4::B-A:B-H:B-I:D-34:D-35:D-36:D-37:D-38:D-39:D-40:D-41:D-42:F-6', '0', '16785.00', '13931.55', '15106.50', '11749.50', '', 2, ''),
(50, '4', 'CC', '19', '45', '105233', 'PMC%20PH-2%2C%209kW%2C%2090vT%2C%2046%20Amps', 'BA-1:BA-2:G-4::B-A:B-H:B-I:D-34:D-35:D-36:D-37:D-38:D-39:D-40:D-41:D-42:F-6', '0', '16785.00', '13931.55', '15106.50', '11749.50', '', 2, ''),
(51, '4', 'CC', '20', '46', '105234', 'PMC%20PH-2%2C%2010.5kW%2C%2090vT%2C%2050%20Amps', 'BA-1:BA-2:G-4::B-A:B-H:B-I:D-34:D-35:D-36:D-37:D-38:D-39:D-40:D-41:D-42:F-6', '0', '16785.00', '13931.55', '15106.50', '11749.50', '', 2, ''),
(52, '4', 'CC', '21', '47', '101231', 'PMC%20PH-25%2C%208kW%2C%2090vT%2C%2043%20Amps', 'BA-1:BA-2:G-3::B-A:B-H:B-I:D-34:D-35:D-36:D-37:D-38:D-39:D-40:D-41:D-42:F-1:F-6', '0', '22050.00', '18301.50', '19845.00', '15435.00', '', 2, ''),
(53, '4', 'CC', '22', '48', '101232', 'PMC%20PH-25%2C%2010kW%2C%2090vT%2C%2049%20Amps', 'BA-1:BA-2:G-3::B-A:B-H:B-I:D-34:D-35:D-36:D-37:D-38:D-39:D-40:D-41:D-42:F-1:F-6', '0', '22050.00', '18301.50', '19845.00', '15435.00', '', 2, ''),
(54, '4', 'CC', '23', '49', '101233', 'PMC%20PH-25%2C%2012kW%2C%2090vT%2C%2054%20Amps', 'BA-1:BA-2:G-3::B-A:B-H:B-I:D-34:D-35:D-36:D-37:D-38:D-39:D-40:D-41:D-42:F-1:F-6', '0', '22050.00', '18301.50', '19845.00', '15435.00', '', 2, ''),
(55, '4', 'CC', '24', '50', '101234', 'PMC%20PH-25%2C%2015kW%2C%2090vT%2C%2060%20Amps', 'BA-1:BA-2:G-3::B-A:B-H:B-I:D-34:D-35:D-36:D-37:D-38:D-39:D-40:D-41:D-42:F-1:F-6', '0', '22050.00', '18301.50', '19845.00', '15435.00', '', 2, ''),
(56, '4', 'CC', '25', NULL, '103242', 'PMC%20PH-40%2C%2015kW%2C%20120vT%2C%2073%20Amps', 'BA-1:BA-2:II-6:B-E:B-G:B-J:G-3::B-A:B-H:B-I:D-36:D-37:D-38:D-39:D-40:D-41:D-42:F-1:F-6', '0', '26430.00', '21936.90', '23787.00', '18501.00', '', 2, ''),
(57, '4', 'CC', '26', NULL, '103243', 'PMC%20PH-40%2C%2018kW%2C%20120vT%2C%2081%20Amps', 'BA-1:BA-2:II-6:B-E:B-G:G-3::B-A:B-H:B-I:B-J:D-36:D-37:D-38:D-39:D-40:D-41:D-42:F-1:F-6', '0', '26430.00', '21936.90', '23787.00', '18501.00', '', 2, ''),
(58, '4', 'CC', '27', '51', '103244', 'PMC%20PH-40%2C%2021kW%2C%20120vT%2089%20Amps', 'BA-1:BA-2:II-6:B-E:B-G:G-3::B-A:B-H:B-I:B-J:D-36:D-37:D-38:D-39:D-40:D-41:D-42:F-1:F-6', '0', '26430.00', '21936.90', '23787.00', '18501.00', '', 2, ''),
(59, '4', 'CC', '28', '52', '112244', 'PMC%20PH-55%2C%2021kW%2C%20120vT%2C%20102%20%20Amps', 'BA-1:BA-2:II-6:B-E:B-G:G-3::B-A:B-H:B-I:B-J:D-36:D-37:D-38:D-39:D-40:D-41:D-42:F-1:F-6', '0', '26430.00', '21936.90', '23787.00', '18501.00', '', 2, ''),
(60, '4', 'CC', '29', '53', '106234', 'PMC%20PHX-2%2C%2014kW%2C%2090vT%2C%2050%20Amps', 'BA-1:BA-2:G-4::B-A:B-H:B-I:D-29:D-30:D-31:D-32:D-33:D-34:D-35:D-41:D-42:F-6', '0', '28475.00', '23634.25', '25627.50', '19932.50', '', 2, ''),
(61, '4', 'CC', '30', '54', '102232', 'PMC%20PHX-25%2C%2010kW%2C%2090vT%2C%2049%20Amps', 'BA-1:BA-2:G-3::B-A:B-H:B-I:D-29:D-30:D-31:D-32:D-33:D-34:D-35:D-41:D-42:F-1:F-6', '0', '23050.00', '19131.50', '20745.00', '16135.00', '', 2, ''),
(62, '4', 'CC', '31', '55', '102233', 'PMC%20PHX-25%2C%2012kW%2C%2090vT%2C%2054%20Amps', 'BA-1:BA-2:G-3::B-A:B-H:B-I:D-29:D-30:D-31:D-32:D-33:D-34:D-35:D-41:D-42:F-1:F-6', '0', '23050.00', '19131.50', '20745.00', '16135.00', '', 2, ''),
(63, '4', 'CC', '32', '56', '104242', 'PMC%20PHX-40%2C%2015kW%2C%20120vT%2C%2067%20Amps', 'BA-1:BA-2:II-6:B-E:B-G:B-J:G-3::B-A:B-H:B-I:D-29:D-30:D-31:D-32:D-33:D-34:D-35:F-1:F-6', '0', '27150.00', '22534.50', '24435.00', '19005.00', '', 2, ''),
(64, '4', 'CC', '33', '57', '104243', 'PMC%20PHX-40%2C%2018kW%2C%20120vT%2C%2075%20Amps', 'BA-1:BA-2:II-6:B-E:B-G:G-3::B-A:B-H:B-I:B-J:D-29:D-30:D-31:D-32:D-33:D-34:D-35:F-1:F-6', '0', '27150.00', '22534.50', '24435.00', '19005.00', '', 2, ''),
(65, '4', 'CC', '34', '58', '104244', 'PMC%20PHX-40%2C%2021kW%2C%20120vT%2C%2084%20Amps', 'BA-1:BA-2:II-6:B-E:B-G:G-3::B-A:B-H:B-I:B-J:B-K:D-29:D-30:D-31:D-32:D-33:D-34:D-35:F-1:F-6', '0', '27150.00', '22534.50', '24435.00', '19005.00', '', 2, ''),
(66, '5', 'D', '0', NULL, '', 'Titan%20Machine%20Includes%20Hose%20-%20Select%20Here', 'BA-1:BA-3', '0', '0.00', '0.00', '0.00', '0.00', '', 2, ''),
(67, '5', 'D', '1', '74', '246678 x 2, 246050 x 1', '110%20ft%3A%202%2C000%20psi', 'BA-2:BA-3:CC-3:CC-4:CC-5:CC-6:CC-7:CC-8:CC-9:CC-10:CC-11:CC-12:CC-13:CC-2:', '0', '4272.00', '2990.40', '3417.60', '2563.20', '', 2, ''),
(68, '5', 'D', '2', '75', '246678 x 3, 246050 x 1', '160%20ft%3A%202%2C000%20psi', 'BA-2:BA-3:CC-3:CC-4:CC-5:CC-6:CC-7:CC-8:CC-9:CC-10:CC-11:CC-12:CC-13:CC-2:', '0', '6072.00', '4250.40', '4857.60', '3643.20', '', 2, ''),
(69, '5', 'D', '3', '76', '246678 x 4, 246050 x 1', '210%20ft%3A%202%2C000%20psi', 'BA-2:BA-3:CC-3:CC-4:CC-5:CC-6:CC-7:CC-8:CC-9:CC-10:CC-11:CC-12:CC-13:CC-2:', '0', '7872.00', '5510.40', '6297.60', '4723.20', '', 2, ''),
(70, '5', 'D', '4', '77', '246678 x 5, 246050 x 1', '260%20ft%3A%202%2C000%20psi', 'BA-2:BA-3:CC-1:CC-3:CC-4:CC-5:CC-6:CC-7:CC-8:CC-9:CC-10:CC-11:CC-12:CC-13:CC-2:', '0', '9672.00', '6770.40', '7737.60', '5803.20', '', 2, ''),
(71, '5', 'D', '5', '78', '246678 x 6, 246050 x 1', '310%20ft%3A%202%2C000%20psi', 'BA-2:BA-3:CC-1:CC-3:CC-4:CC-5:CC-6:CC-7:CC-8:CC-9:CC-10:CC-11:CC-12:CC-13:CC-2:', '0', '11472.00', '8030.40', '9177.60', '6883.20', '', 2, ''),
(72, '5', 'D', '8', '81', '246679 x 2, 246055 x 1', '110%20ft%3A%203%2C500%20psi', 'BA-2:BA-3:CC-3:CC-4:CC-5:CC-6:CC-7:CC-8:CC-9:CC-10:CC-11:CC-12:CC-13:CC-1:CC-35:', '0', '5969.00', '4178.30', '4775.20', '3581.40', '', 2, ''),
(73, '5', 'D', '9', '82', '246679 x 3, 246055 x 1', '160%20ft%3A%203%2C500%20psi', 'BA-2:BA-3:CC-3:CC-4:CC-5:CC-6:CC-7:CC-8:CC-9:CC-10:CC-11:CC-12:CC-13:CC-1:CC-35:', '0', '8509.00', '5956.30', '6807.20', '5105.40', '', 2, ''),
(74, '5', 'D', '10', '83', '246679 x 4, 246055 x 1', '210%20ft%3A%203%2C500%20psi', 'BA-2:BA-3:CC-3:CC-4:CC-5:CC-6:CC-7:CC-8:CC-9:CC-10:CC-11:CC-12:CC-13:CC-1:CC-35:', '0', '11049.00', '7734.30', '8839.20', '6629.40', '', 2, ''),
(75, '5', 'D', '15', NULL, '24k240 x 2, 246050 x 1', '110%20ft%3A%20RTD%3A%202%2C000%20psi', 'BA-2:BA-3:CC-1:CC-2:CC-9:CC-10:CC-13:CC-35:', '0', '4272.00', '2990.40', '3417.60', '2563.20', '', 2, ''),
(76, '5', 'D', '16', NULL, '24k240 x 3, 246050 x 1', '160%20ft%3A%20RTD%3A%202%2C000%20psi', 'BA-2:BA-3:CC-1:CC-2:CC-9:CC-10:CC-13:CC-35:', '0', '6072.00', '4250.40', '4857.60', '3643.20', '', 2, ''),
(77, '5', 'D', '17', '88', '24k240 x 4, 246050 x 1', '210%20ft%3A%20RTD%3A%202%2C000%20psi', 'BA-2:BA-3:CC-1:CC-2:CC-9:CC-10:CC-13:CC-35:', '0', '7872.00', '5510.40', '6297.60', '4723.20', '', 2, ''),
(78, '5', 'D', '18', '89', '24k240 x 5, 246050 x 1', '260%20ft%3A%20RTD%3A%202%2C000%20psi', 'BA-2:BA-3:CC-1:CC-2:CC-9:CC-10:CC-13:CC-35:', '0', '9672.00', '6770.40', '7737.60', '5803.20', '', 2, ''),
(79, '5', 'D', '19', '90', '24k240 x 6, 246050 x 1', '310%20ft%3A%20RTD%3A%202%2C000%20psi', 'BA-2:BA-3:CC-1:CC-2:CC-9:CC-10:CC-13:CC-11:CC-12:CC-35:', '0', '11472.00', '8030.40', '9177.60', '6883.20', '', 2, ''),
(80, '5', 'D', '20', '91', '24k240 x 7, 246050 x 1', '360%20ft%3A%20RTD%3A%202%2C000%20psi', 'BA-2:BA-3:CC-1:CC-2:CC-9:CC-10:CC-13:CC-3:CC-4:CC-5:CC-6:CC-11:CC-12:CC-35:', '0', '13272.00', '9290.40', '10617.60', '7963.20', '', 2, ''),
(81, '5', 'D', '21', '92', '24k240 x 8, 246050 x 1', '410%20ft%3A%20RTD%3A%202%2C000%20psi', 'BA-2:BA-3:CC-1:CC-2:CC-9:CC-10:CC-13:CC-3:CC-4:CC-5:CC-6:CC-11:CC-12:CC-35:', '0', '15072.00', '10550.40', '12057.60', '9043.20', '', 2, ''),
(82, '5', 'D', '22', '93', '24k241 x 2, 246055 x 1', '110%20ft%3A%20RTD%3A%203%2C500%20psi', 'BA-2:BA-3:CC-1:CC-2:CC-3:CC-4:CC-5:CC-6:CC-7:CC-8:CC-11:CC-12:CC-35:', '0', '5969.00', '4178.30', '4775.20', '3581.40', '', 2, ''),
(83, '5', 'D', '23', '94', '24k241 x 3, 246055 x 1', '160%20ft%3A%20RTD%3A%203%2C500%20psi', 'BA-2:BA-3:CC-1:CC-2:CC-3:CC-4:CC-5:CC-6:CC-7:CC-8:CC-11:CC-12:CC-35:', '0', '8509.00', '5956.30', '6807.20', '5105.40', '', 2, ''),
(84, '5', 'D', '24', '95', '24k241 x 4, 246055 x 1', '210%20ft%3A%20RTD%3A%203%2C500%20psi', 'BA-2:BA-3:CC-1:CC-2:CC-3:CC-4:CC-5:CC-6:CC-7:CC-8:CC-11:CC-12:CC-35:', '0', '11049.00', '7734.30', '8839.20', '6629.40', '', 2, ''),
(85, '5', 'D', '25', '96', '24k241 x 5, 246055 x 1', '260%20ft%3A%20RTD%3A%203%2C500%20psi', 'BA-2:BA-3:CC-1:CC-2:CC-3:CC-4:CC-5:CC-6:CC-7:CC-8:CC-11:CC-12:CC-35:', '0', '13589.00', '9512.30', '10871.20', '8153.40', '', 2, ''),
(86, '5', 'D', '26', '97', '24k241 x 6, 246055 x 1', '310%20ft%3A%20RTD%3A%203%2C500%20psi', 'BA-2:BA-3:CC-1:CC-2:CC-3:CC-4:CC-5:CC-6:CC-7:CC-8:CC-11:CC-12:CC-13:CC-35:', '0', '16129.00', '11290.30', '12903.20', '9677.40', '', 2, ''),
(87, '5', 'D', '27', '98', '24k241 x 7, 246055 x 1', '360%20ft%3A%20RTD%3A%203%2C500%20psi', 'BA-2:BA-3:CC-1:CC-2:CC-3:CC-4:CC-5:CC-6:CC-7:CC-8:CC-11:CC-12:CC-10:CC-13:CC-35:', '0', '18669.00', '13068.30', '14935.20', '11201.40', '', 2, ''),
(88, '5', 'D', '28', '99', '24k241 x 8, 246055 x 1', '410%20ft%3A%20RTD%3A%203%2C500%20psi', 'BA-2:BA-3:CC-1:CC-2:CC-3:CC-4:CC-5:CC-6:CC-7:CC-8:CC-11:CC-12:CC-10:CC-13:CC-35:', '0', '21209.00', '14846.30', '16967.20', '12725.40', '', 2, ''),
(89, '5', 'D', '43', NULL, '24y240 x 2, 246050 x 1', '110%20ft%3A%20RTD%3A%202%2C000%20psi%2C%20Extreme%20Scuff%20Jacket', 'BA-2:BA-3:CC-1:CC-2:CC-9:CC-10:CC-13:CC-35:', '0', '4772.00', '3340.40', '3817.60', '2863.20', '', 2, ''),
(90, '5', 'D', '44', NULL, '24y240 x 3, 246050 x 1', '160%20ft%3A%20RTD%3A%202%2C000%20psi%2C%20Extreme%20Scuff%20Jacket', 'BA-2:BA-3:CC-1:CC-2:CC-9:CC-10:CC-13:CC-35:', '0', '6822.00', '4775.40', '5457.60', '4093.20', '', 2, ''),
(91, '5', 'D', '45', NULL, '24y240 x 4, 246050 x 1', '210%20ft%3A%20RTD%3A%202%2C000%20psi%2C%20Extreme%20Scuff%20Jacket', 'BA-2:BA-3:CC-1:CC-2:CC-9:CC-10:CC-13:CC-35:', '0', '8872.00', '6210.40', '7097.60', '5323.20', '', 2, ''),
(92, '5', 'D', '46', NULL, '24y240 x 5, 246050 x 1', '260%20ft%3A%20RTD%3A%202%2C000%20psi%2C%20Extreme%20Scuff%20Jacket', 'BA-2:BA-3:CC-1:CC-2:CC-9:CC-10:CC-13:CC-35:', '0', '10922.00', '7645.40', '8737.60', '6553.20', '', 2, ''),
(93, '5', 'D', '47', NULL, '24y240 x 6, 246050 x 1', '310%20ft%3A%20RTD%3A%202%2C000%20psi%2C%20Extreme%20Scuff%20Jacket', 'BA-2:BA-3:CC-1:CC-2:CC-9:CC-10:CC-13:CC-11:CC-12:CC-35:', '0', '12972.00', '9080.40', '10377.60', '7783.20', '', 2, ''),
(94, '5', 'D', '48', NULL, '24y240 x 7, 246050 x 1', '360%20ft%3A%20RTD%3A%202%2C000%20psi%2C%20Extreme%20Scuff%20Jacket', 'BA-2:BA-3:CC-1:CC-2:CC-9:CC-10:CC-13:CC-3:CC-4:CC-5:CC-6:CC-11:CC-12:CC-35:', '0', '15022.00', '10515.40', '12017.60', '9013.20', '', 2, ''),
(95, '5', 'D', '49', NULL, '24y240 x 8, 246050 x 1', '410%20ft%3A%20RTD%3A%202%2C000%20psi%2C%20Extreme%20Scuff%20Jacket', 'BA-2:BA-3:CC-1:CC-2:CC-9:CC-10:CC-13:CC-3:CC-4:CC-5:CC-6:CC-11:CC-12:CC-35:', '0', '17072.00', '11950.40', '13657.60', '10243.20', '', 2, ''),
(96, '5', 'D', '50', NULL, '24y241 x 2, 246055 x 1', '110%20ft%3A%20RTD%3A%203%2C500%20psi%2C%20Extreme%20Scuff%20Jacket', 'BA-2:BA-3:CC-1:CC-2:CC-3:CC-4:CC-5:CC-6:CC-7:CC-8:CC-11:CC-12:CC-35:', '0', '6469.00', '4528.30', '5175.20', '3881.40', '', 2, ''),
(97, '5', 'D', '51', NULL, '24y241 x 3, 246055 x 1', '160%20ft%3A%20RTD%3A%203%2C500%20psi%2C%20Extreme%20Scuff%20Jacket', 'BA-2:BA-3:CC-1:CC-2:CC-3:CC-4:CC-5:CC-6:CC-7:CC-8:CC-11:CC-12:CC-35:', '0', '9259.00', '6481.30', '7407.20', '5555.40', '', 2, ''),
(98, '5', 'D', '52', NULL, '24y241 x 4, 246055 x 1', '210%20ft%3A%20RTD%3A%203%2C500%20psi%2C%20Extreme%20Scuff%20Jacket', 'BA-2:BA-3:CC-1:CC-2:CC-3:CC-4:CC-5:CC-6:CC-7:CC-8:CC-11:CC-12:CC-35:', '0', '12049.00', '8434.30', '9639.20', '7229.40', '', 2, ''),
(99, '5', 'D', '53', NULL, '24y241 x 5, 246055 x 1', '260%20ft%3A%20RTD%3A%203%2C500%20psi%2C%20Extreme%20Scuff%20Jacket', 'BA-2:BA-3:CC-1:CC-2:CC-3:CC-4:CC-5:CC-6:CC-7:CC-8:CC-11:CC-12:CC-35:', '0', '14839.00', '10387.30', '11871.20', '8903.40', '', 2, ''),
(100, '5', 'D', '54', NULL, '24y241 x 6, 246055 x 1', '310%20ft%3A%20RTD%3A%203%2C500%20psi%2C%20Extreme%20Scuff%20Jacket', 'BA-2:BA-3:CC-1:CC-2:CC-3:CC-4:CC-5:CC-6:CC-7:CC-8:CC-11:CC-12:CC-13:CC-35:', '0', '17629.00', '12340.30', '14103.20', '10577.40', '', 2, ''),
(101, '5', 'D', '55', NULL, '24y241 x 7, 246055 x 1', '360%20ft%3A%20RTD%3A%203%2C500%20psi%2C%20Extreme%20Scuff%20Jacket', 'BA-2:BA-3:CC-1:CC-2:CC-3:CC-4:CC-5:CC-6:CC-7:CC-8:CC-11:CC-12:CC-10:CC-13:CC-35:', '0', '20419.00', '14293.30', '16335.20', '12251.40', '', 2, ''),
(102, '5', 'D', '56', NULL, '24y241 x 8, 246055 x 1', '410%20ft%3A%20RTD%3A%203%2C500%20psi%2C%20Extreme%20Scuff%20Jacket', 'BA-2:BA-3:CC-1:CC-2:CC-3:CC-4:CC-5:CC-6:CC-7:CC-8:CC-11:CC-12:CC-10:CC-13:CC-35:', '0', '23209.00', '16246.30', '18567.20', '13925.40', '', 2, ''),
(103, '5', 'D', '29', '100', 'PMC-200006 x 2, PMC-00040A x 1', 'PMC%20110%20ft%3A%20FTS%3A%202%2C000%20psi', 'BA-1:BA-2:CC-1:CC-2:CC-3:CC-4:CC-5:CC-6:CC-7:CC-8:CC-9:CC-10:CC-11:CC-12:CC-13:CC-14:CC-15:CC-16:CC-29:CC-30:CC-31:CC-32:CC-33:CC-34:', '0', '3600.00', '2988.00', '3240.00', '2520.00', '', 2, ''),
(104, '5', 'D', '30', '101', 'PMC-200006 x 3, PMC-00040A x 1', 'PMC%20160%20ft%3A%20FTS%3A%202%2C000%20psi', 'BA-1:BA-2:CC-1:CC-2:CC-3:CC-4:CC-5:CC-6:CC-7:CC-8:CC-9:CC-10:CC-11:CC-12:CC-13:CC-14:CC-15:CC-16:CC-29:CC-30:CC-31:CC-32:CC-33:CC-34:', '0', '5115.00', '4245.45', '4603.50', '3580.50', '', 2, ''),
(105, '5', 'D', '31', '102', 'PMC-200006 x 4, PMC-00040A x 1', 'PMC%20210%20ft%3A%20FTS%3A%202%2C000%20psi', 'BA-1:BA-2:CC-1:CC-2:CC-3:CC-4:CC-5:CC-6:CC-7:CC-8:CC-9:CC-10:CC-11:CC-12:CC-13:CC-14:CC-15:CC-16:CC-29:CC-30:CC-31:CC-32:CC-33:CC-34:', '0', '6630.00', '5502.90', '5967.00', '4641.00', '', 2, ''),
(106, '5', 'D', '32', '103', 'PMC-200006 x 5, PMC-00040A x 1', 'PMC%20260%20ft%3A%20FTS%3A%202%2C000%20psi', 'BA-1:BA-2:CC-1:CC-2:CC-3:CC-4:CC-5:CC-6:CC-7:CC-8:CC-9:CC-10:CC-11:CC-12:CC-13:CC-14:CC-15:CC-16:CC-29:CC-30:CC-31:CC-32:CC-33:CC-34::CC-17', '0', '8145.00', '6760.35', '7330.50', '5701.50', '', 2, ''),
(107, '5', 'D', '33', '104', 'PMC-200006 x 6, PMC-00040A x 1', 'PMC%20310%20ft%3A%20FTS%3A%202%2C000%20psi', 'BA-1:BA-2:CC-1:CC-2:CC-3:CC-4:CC-5:CC-6:CC-7:CC-8:CC-9:CC-10:CC-11:CC-12:CC-13:CC-14:CC-15:CC-16:CC-29:CC-30:CC-31:CC-32:CC-33:CC-34::CC-17', '0', '9660.00', '8017.80', '8694.00', '6762.00', '', 2, ''),
(108, '5', 'D', '34', '105', 'PMC-200006 x 7, PMC-00040A x 1', 'PMC%20360%20ft%3A%20FTS%3A%202%2C000%20psi', 'BA-1:BA-2:CC-1:CC-2:CC-3:CC-4:CC-5:CC-6:CC-7:CC-8:CC-9:CC-10:CC-11:CC-12:CC-13:CC-14:CC-15:CC-16:CC-29:CC-30:CC-31:CC-32:CC-33:CC-34:CC-17:CC-18:CC-19:CC-20:CC-21:CC-22:CC-23:CC-24:CC-35:', '0', '11175.00', '9275.25', '10057.50', '7822.50', '', 2, ''),
(109, '5', 'D', '35', '106', 'PMC-200006 x 8, PMC-00040A x 1', 'PMC%20410%20ft%3A%20FTS%3A%202%2C000%20psi', 'BA-1:BA-2:CC-1:CC-2:CC-3:CC-4:CC-5:CC-6:CC-7:CC-8:CC-9:CC-10:CC-11:CC-12:CC-13:CC-14:CC-15:CC-16:CC-29:CC-30:CC-31:CC-32:CC-33:CC-34:CC-17:CC-18:CC-19:CC-20:CC-21:CC-22:CC-23:CC-24:CC-35:', '0', '12690.00', '10532.70', '11421.00', '8883.00', '', 2, ''),
(110, '5', 'D', '36', '107', 'PMC-200008 x 2, PMC-00040A x 1', 'PMC%20110%20ft%3A%20FTS%3A%203%2C500%20psi', 'BA-1:BA-2:CC-1:CC-2:CC-3:CC-4:CC-5:CC-6:CC-7:CC-8:CC-9:CC-10:CC-11:CC-12:CC-13:CC-14:CC-15:CC-16:CC-17:CC-18:CC-19:CC-20:CC-21:CC-22:CC-23:CC-24:CC-25:CC-26:CC-27:CC-28:CC-35:', '0', '4890.00', '4058.70', '4401.00', '3423.00', '', 2, ''),
(111, '5', 'D', '37', NULL, 'PMC-200008 x 3, PMC-00040A x 1', 'PMC%20160%20ft%3A%20FTS%3A%203%2C500%20psi', 'BA-1:BA-2:CC-1:CC-2:CC-3:CC-4:CC-5:CC-6:CC-7:CC-8:CC-9:CC-10:CC-11:CC-12:CC-13:CC-14:CC-15:CC-16:CC-17:CC-18:CC-19:CC-20:CC-21:CC-22:CC-23:CC-24:CC-25:CC-26:CC-27:CC-28:CC-35:', '0', '7050.00', '5851.50', '6345.00', '4935.00', '', 2, ''),
(112, '5', 'D', '38', NULL, 'PMC-200008 x 4, PMC-00040A x 1', 'PMC%20210%20ft%3A%20FTS%3A%203%2C500%20psi', 'BA-1:BA-2:CC-1:CC-2:CC-3:CC-4:CC-5:CC-6:CC-7:CC-8:CC-9:CC-10:CC-11:CC-12:CC-13:CC-14:CC-15:CC-16:CC-17:CC-18:CC-19:CC-20:CC-21:CC-22:CC-23:CC-24:CC-25:CC-26:CC-27:CC-28:CC-35:', '0', '9210.00', '7644.30', '8289.00', '6447.00', '', 2, ''),
(113, '5', 'D', '39', NULL, 'PMC-200008 x 5, PMC-00040A x 1', 'PMC%20260%20ft%3A%20FTS%3A%203%2C500%20psi', 'BA-1:BA-2:CC-1:CC-2:CC-3:CC-4:CC-5:CC-6:CC-7:CC-8:CC-9:CC-10:CC-11:CC-12:CC-13:CC-14:CC-15:CC-16:CC-17:CC-18:CC-19:CC-20:CC-21:CC-22:CC-23:CC-24:CC-25:CC-26:CC-27:CC-28:CC-35:', '0', '11370.00', '9437.10', '10233.00', '7959.00', '', 2, ''),
(114, '5', 'D', '40', NULL, 'PMC-200008 x 6, PMC-00040A x 1', 'PMC%20310%20ft%3A%20FTS%3A%203%2C500%20psi', 'BA-1:BA-2:CC-1:CC-2:CC-3:CC-4:CC-5:CC-6:CC-7:CC-8:CC-9:CC-10:CC-11:CC-12:CC-13:CC-14:CC-15:CC-16:CC-17:CC-18:CC-19:CC-20:CC-21:CC-22:CC-23:CC-24:CC-25:CC-26:CC-27:CC-28:CC-35:', '0', '13530.00', '11229.90', '12177.00', '9471.00', '', 2, ''),
(115, '5', 'D', '41', NULL, 'PMC-200008 x 7, PMC-00040A x 1', 'PMC%20360%20ft%3A%20FTS%3A%203%2C500%20psi', 'BA-1:BA-2:CC-1:CC-2:CC-3:CC-4:CC-5:CC-6:CC-7:CC-8:CC-9:CC-10:CC-11:CC-12:CC-13:CC-14:CC-15:CC-16:CC-17:CC-18:CC-19:CC-20:CC-21:CC-22:CC-23:CC-24:CC-25:CC-26:CC-27:CC-28:CC-29:CC-30:CC-31:CC-35:', '0', '15690.00', '13022.70', '14121.00', '10983.00', '', 2, ''),
(116, '5', 'D', '42', NULL, 'PMC-200008 x 8, PMC-00040A x 1', 'PMC%20410%20ft%3A%20FTS%3A%203%2C500%20psi', 'BA-1:BA-2:CC-1:CC-2:CC-3:CC-4:CC-5:CC-6:CC-7:CC-8:CC-9:CC-10:CC-11:CC-12:CC-13:CC-14:CC-15:CC-16:CC-17:CC-18:CC-19:CC-20:CC-21:CC-22:CC-23:CC-24:CC-25:CC-26:CC-27:CC-28:CC-29:CC-30:CC-31:CC-35:', '0', '17850.00', '14815.50', '16065.00', '12495.00', '', 2, ''),
(117, '6', 'CD', '0', NULL, '', 'Not%20Available', 'B-E:B-G:', '0', '0.00', '0.00', '0.00', '0.00', '', 2, ''),
(118, '6', 'CD', '1', NULL, '259025', 'E-20%2C%206.0%20kW%20Heater', 'BA-2:BA-3::B-A:B-B:B-D:B-E:B-F:B-G:B-H:B-I:B-J:B-K:B-L:B-M:DA-8:DA-9:DA-10:DA-15:DA-16:DA-17:DA-18:DA-19:DA-20:DA-21:DA-22:DA-23:DA-24:DA-25:DA-26:DA-27:DA-28:DA-43:DA-44:DA-45:DA-46:DA-47:DA-48:DA-49:DA-50:DA-51:DA-52:DA-53:DA-54:DA-55:DA-56:DA-29:DA-30:DA-31:DA-32:DA-33:DA-34:DA-35:DA-36:DA-37:DA-38:DA-39:DA-40:DA-41:DA-42', '0', '18820.00', '13174.00', '15056.00', '11292.00', '', 2, ''),
(119, '6', 'CD', '2', NULL, '259033', 'E-XP1%2C%2010.2%20kW%20Heater', 'BA-2:BA-3::B-A:B-B:B-D:B-E:B-F:B-G:B-H:B-I:B-J:B-K:B-L:B-M:DA-1:DA-2:DA-3:DA-15:DA-16:DA-17:DA-18:DA-19:DA-20:DA-21:DA-22:DA-23:DA-24:DA-25:DA-26:DA-27:DA-28:DA-43:DA-44:DA-45:DA-46:DA-47:DA-48:DA-49:DA-50:DA-51:DA-52:DA-53:DA-54:DA-55:DA-56:DA-29:DA-30:DA-31:DA-32:DA-33:DA-34:DA-35:DA-36:DA-37:DA-38:DA-39:DA-40:DA-41:DA-42', '0', '19910.00', '13937.00', '15928.00', '11946.00', '', 2, ''),
(120, '6', 'CD', '3', NULL, '272010', 'R2%20E-30%2C%2010.2%20kW%20Heater', 'BA-2:BA-3::B-A:B-B:B-D:B-F:B-H:B-I:B-J:B-K:B-L:B-M:DA-1:DA-2:DA-3:DA-8:DA-9:DA-10:DA-20:DA-21:DA-22:DA-23:DA-24:DA-25:DA-26:DA-27:DA-28:DA-48:DA-49:DA-50:DA-51:DA-52:DA-53:DA-54:DA-55:DA-56:DA-29:DA-30:DA-31:DA-32:DA-33:DA-34:DA-35:DA-36:DA-37:DA-38:DA-39:DA-40:DA-41:DA-42', '0', '24120.00', '16884.00', '19296.00', '14472.00', '', 2, ''),
(121, '6', 'CD', '4', NULL, '272011', 'R2%20E-30%2C%2015.3%20kW%20Heater', 'BA-2:BA-3::B-A:B-B:B-D:B-F:B-H:B-I:B-J:B-K:B-L:B-M:DA-1:DA-2:DA-3:DA-8:DA-9:DA-10:DA-20:DA-21:DA-22:DA-23:DA-24:DA-25:DA-26:DA-27:DA-28:DA-48:DA-49:DA-50:DA-51:DA-52:DA-53:DA-54:DA-55:DA-56:DA-29:DA-30:DA-31:DA-32:DA-33:DA-34:DA-35:DA-36:DA-37:DA-38:DA-39:DA-40:DA-41:DA-42', '0', '25560.00', '17892.00', '20448.00', '15336.00', '', 2, ''),
(122, '6', 'CD', '5', NULL, '17H031', 'R2%20H-30%2C%2010%20kW%20Heater', 'BA-2:BA-3::B-A:B-B:B-D:B-F:B-H:B-I:B-J:B-K:B-L:B-M:DA-1:DA-2:DA-3:DA-8:DA-9:DA-10:DA-20:DA-21:DA-22:DA-23:DA-24:DA-25:DA-26:DA-27:DA-28:DA-48:DA-49:DA-50:DA-51:DA-52:DA-53:DA-54:DA-55:DA-56:DA-29:DA-30:DA-31:DA-32:DA-33:DA-34:DA-35:DA-36:DA-37:DA-38:DA-39:DA-40:DA-41:DA-42', '0', '27880.00', '19516.00', '22304.00', '16728.00', '', 2, ''),
(123, '6', 'CD', '6', NULL, '17H032', 'R2%20H-30%2C%2015%20kW%20Heater', 'BA-2:BA-3::B-A:B-B:B-D:B-F:B-H:B-I:B-J:B-K:B-L:B-M:DA-1:DA-2:DA-3:DA-8:DA-9:DA-10:DA-20:DA-21:DA-22:DA-23:DA-24:DA-25:DA-26:DA-27:DA-28:DA-48:DA-49:DA-50:DA-51:DA-52:DA-53:DA-54:DA-55:DA-56:DA-29:DA-30:DA-31:DA-32:DA-33:DA-34:DA-35:DA-36:DA-37:DA-38:DA-39:DA-40:DA-41:DA-42', '0', '29390.00', '20573.00', '23512.00', '17634.00', '', 2, ''),
(124, '6', 'CD', '7', NULL, '17H043', 'R2%20H-40%2C%2015%20kW%20Heater', 'BA-2:BA-3:II-6:B-E:B-G::B-A:B-B:B-D:B-F:B-H:B-I:B-J:B-K:B-L:B-M:DA-1:DA-2:DA-3:DA-8:DA-9:DA-10:DA-22:DA-23:DA-24:DA-25:DA-26:DA-27:DA-28:DA-50:DA-51:DA-52:DA-53:DA-54:DA-55:DA-56:DA-29:DA-30:DA-31:DA-32:DA-33:DA-34:DA-35:DA-36:DA-37:DA-38:DA-39:DA-40:DA-41:DA-42', '0', '32300.00', '22610.00', '25840.00', '19380.00', '', 2, ''),
(125, '6', 'CD', '8', NULL, '17H044', 'R2%20H-40%2C%2020%20kW%20Heater', 'BA-2:BA-3:II-6:B-E:B-G::B-A:B-B:B-D:B-F:B-H:B-I:B-J:B-K:B-L:B-M:DA-1:DA-2:DA-3:DA-8:DA-9:DA-10:DA-22:DA-23:DA-24:DA-25:DA-26:DA-27:DA-28:DA-50:DA-51:DA-52:DA-53:DA-54:DA-55:DA-56:DA-29:DA-30:DA-31:DA-32:DA-33:DA-34:DA-35:DA-36:DA-37:DA-38:DA-39:DA-40:DA-41:DA-42', '0', '33320.00', '23324.00', '26656.00', '19992.00', '', 2, ''),
(126, '6', 'CD', '9', NULL, '17H074', 'R2%20H-XP3%2C%2020%20kW%20Heater', 'BA-2:BA-3:II-6:B-E:B-G::B-A:B-B:B-D:B-F:B-H:B-I:B-J:B-K:B-L:B-M:DA-1:DA-2:DA-3:DA-8:DA-9:DA-10:DA-15:DA-16:DA-17:DA-18:DA-19:DA-20:DA-21:DA-43:DA-44:DA-45:DA-46:DA-47:DA-48:DA-49:DA-29:DA-30:DA-31:DA-32:DA-33:DA-34:DA-35:DA-36:DA-37:DA-38:DA-39:DA-40:DA-41:DA-42', '0', '33320.00', '23324.00', '26656.00', '19992.00', '', 2, ''),
(127, '6', 'CD', '10', NULL, '272012', 'R2%20E-XP2%2C%2015.3%20kW%20Heater', 'BA-2:BA-3::B-A:B-B:B-D:B-F:B-H:B-I:B-J:B-K:B-L:B-M:DA-1:DA-2:DA-3:DA-8:DA-9:DA-10:DA-15:DA-16:DA-17:DA-18:DA-19:DA-20:DA-21:DA-27:DA-28:DA-43:DA-44:DA-45:DA-46:DA-47:DA-48:DA-49:DA-55:DA-56:DA-29:DA-30:DA-31:DA-32:DA-33:DA-34:DA-35:DA-36:DA-37:DA-38:DA-39:DA-40:DA-41:DA-42', '0', '26900.00', '18830.00', '21520.00', '16140.00', '', 2, ''),
(128, '6', 'CD', '11', NULL, '272079', 'R2%20E-30i%3A%20Integrated%20Reactor', 'BA-2:BA-3:B-A:B-B:B-D:B-E:B-F:B-G:B-I:B-J:B-K:B-L:B-M::B-H:DA-1:DA-2:DA-3:DA-8:DA-9:DA-10:DA-20:DA-21:DA-22:DA-23:DA-24:DA-25:DA-26:DA-27:DA-28:DA-47:DA-48:DA-49:DA-50:DA-51:DA-52:DA-53:DA-54:DA-55:DA-56:DA-29:DA-30:DA-31:DA-32:DA-33:DA-34:DA-35:DA-36:DA-37:DA-38:DA-39:DA-40:DA-41:DA-42', '0', '56120.00', '39284.00', '44896.00', '33672.00', '', 2, ''),
(129, '6', 'CD', '12', NULL, '272080', 'R2%20E-30i%2C%20High%20Heat%3A%20Integrated%20Reactor', 'BA-2:BA-3:B-A:B-B:B-D:B-E:B-F:B-G:B-I:B-J:B-K:B-L:B-M::B-H:DA-1:DA-2:DA-3:DA-8:DA-9:DA-10:DA-20:DA-21:DA-22:DA-23:DA-24:DA-25:DA-26:DA-27:DA-28:DA-47:DA-48:DA-49:DA-50:DA-51:DA-52:DA-53:DA-54:DA-55:DA-56:DA-29:DA-30:DA-31:DA-32:DA-33:DA-34:DA-35:DA-36:DA-37:DA-38:DA-39:DA-40:DA-41:DA-42', '0', '59210.00', '41447.00', '47368.00', '35526.00', '', 2, ''),
(130, '6', 'CD', '13', NULL, '272081', 'R2%20E-XP2i%2C%20High%20Heat%3A%20Integrated%20Reactor', 'BA-2:BA-3:B-A:B-B:B-D:B-E:B-F:B-G:B-I:B-J:B-K:B-L:B-M::B-H:DA-1:DA-2:DA-3:DA-8:DA-9:DA-10:DA-15:DA-16:DA-17:DA-18:DA-19:DA-20:DA-21:DA-27:DA-28:DA-43:DA-44:DA-45:DA-46:DA-47:DA-48:DA-49:DA-54:DA-55:DA-56:DA-29:DA-30:DA-31:DA-32:DA-33:DA-34:DA-35:DA-36:DA-37:DA-38:DA-39:DA-40:DA-41:DA-42', '0', '60380.00', '42266.00', '48304.00', '36228.00', '', 2, ''),
(131, '6', 'CD', '35', NULL, '105234', 'PMC%20PH-2%2C%2014kW%2C%2090vT%2C%2065%20Amps', 'BA-1:BA-2:G-4::B-A:B-B:B-D:B-F:B-H:B-I:B-J:B-K:B-M:DA-43:DA-44:DA-45:DA-46:DA-47:DA-48:DA-49:DA-50:DA-51:DA-52:DA-53:DA-54:DA-55:DA-56:DA-34:DA-35:DA-36:DA-37:DA-38:DA-39:DA-40:DA-41:DA-42', '0', '16785.00', '13931.55', '15106.50', '11749.50', '', 2, ''),
(132, '6', 'CD', '14', NULL, '0138040', 'Titan%20LP%20-%20w%2F%20200%27%20of%20hose', 'BA-1:BA-3:B-A:B-B:B-D:B-E:B-F:B-G:B-H:B-I:B-J:B-L::B-K:B-M:DA-29:DA-30:DA-31:DA-32:DA-33:DA-34:DA-35:DA-36:DA-37:DA-38:DA-39:DA-40:DA-41:DA-42', '0', '26180.00', '20944.00', '23562.00', '20944.00', '', 2, ''),
(133, '6', 'CD', '15', NULL, '0138010', 'Titan%20FR28%20-%20w%2F%20200%27%20of%20hose%20%2848%20Amps%201ph%29', 'BA-1:BA-3::B-A:B-B:B-D:B-F:B-H:B-I:B-J:B-K:B-L:B-M:DA-29:DA-30:DA-31:DA-32:DA-33:DA-34:DA-35:DA-36:DA-37:DA-38:DA-39:DA-40:DA-41:DA-42', '0', '26000.00', '20800.00', '23400.00', '20800.00', '', 2, ''),
(134, '6', 'CD', '36', NULL, '0138057', 'Titan%20Helix%20FR28%20-%20w%2F%20200%27%20of%20hose%20%283ph%29', 'BA-1:BA-3:B-A:B-H:B-I:B-J:B-L:B-M::B-B:B-D:B-F:B-K', '0', '27309.00', '21847.20', '24578.10', '21847.20', '', 2, ''),
(135, '6', 'CD', '16', NULL, '0138013', 'Titan%20VR%202.3%20-%20w%2F%20200%27%20of%20hose', 'BA-1:BA-3::B-A:B-B:B-D:B-F:B-H:B-I:B-J:B-K:B-L:B-M:DA-29:DA-30:DA-31:DA-32:DA-33:DA-34:DA-35:DA-36:DA-37:DA-38:DA-39:DA-40:DA-41:DA-42', '0', '37586.00', '30068.80', '33827.40', '30068.80', '', 2, ''),
(136, '6', 'CD', '17', NULL, '105122', 'PMC%20PH-2%2C%207.5kW%2C%2070vT%20%281%20Phase%2C%2066%20amps%2C%20200ft%29', 'BA-1:BA-2:B-B:B-D:B-E:B-F:B-G:B-H:B-J:B-K:B-L:B-M:G-4::B-A:B-I:DA-34:DA-35:DA-36:DA-37:DA-38:DA-39:DA-40:DA-41:DA-42', '0', '16785.00', '13931.55', '15106.50', '11749.50', '', 2, ''),
(137, '6', 'CD', '18', NULL, '105232', 'PMC%20PH-2%2C%207.5kW%2C%2090vT%2C%2042%20Amps', 'BA-1:BA-2:G-4::B-A:B-B:B-D:B-F:B-H:B-I:B-J:B-K:B-L:B-M:DA-34:DA-35:DA-36:DA-37:DA-38:DA-39:DA-40:DA-41:DA-42', '0', '16785.00', '13931.55', '15106.50', '11749.50', '', 2, ''),
(138, '6', 'CD', '19', NULL, '105233', 'PMC%20PH-2%2C%209kW%2C%2090vT%2C%2046%20Amps', 'BA-1:BA-2:G-4::B-A:B-B:B-D:B-F:B-H:B-I:B-J:B-K:B-L:B-M:DA-34:DA-35:DA-36:DA-37:DA-38:DA-39:DA-40:DA-41:DA-42', '0', '16785.00', '13931.55', '15106.50', '11749.50', '', 2, ''),
(139, '6', 'CD', '20', NULL, '105234', 'PMC%20PH-2%2C%2010.5kW%2C%2090vT%2C%2050%20Amps', 'BA-1:BA-2:G-4::B-A:B-B:B-D:B-F:B-H:B-I:B-J:B-K:B-L:B-M:DA-34:DA-35:DA-36:DA-37:DA-38:DA-39:DA-40:DA-41:DA-42', '0', '16785.00', '13931.55', '15106.50', '11749.50', '', 2, ''),
(140, '6', 'CD', '21', NULL, '101231', 'PMC%20PH-25%2C%208kW%2C%2090vT%2C%2043%20Amps', 'BA-1:BA-2:G-3::B-A:B-B:B-D:B-F:B-H:B-I:B-J:B-K:B-L:B-M:DA-34:DA-35:DA-36:DA-37:DA-38:DA-39:DA-40:DA-41:DA-42', '0', '22050.00', '18301.50', '19845.00', '15435.00', '', 2, ''),
(141, '6', 'CD', '22', NULL, '101232', 'PMC%20PH-25%2C%2010kW%2C%2090vT%2C%2049%20Amps', 'BA-1:BA-2:G-3::B-A:B-B:B-D:B-F:B-H:B-I:B-J:B-K:B-L:B-M:DA-34:DA-35:DA-36:DA-37:DA-38:DA-39:DA-40:DA-41:DA-42', '0', '22050.00', '18301.50', '19845.00', '15435.00', '', 2, ''),
(142, '6', 'CD', '23', NULL, '101233', 'PMC%20PH-25%2C%2012kW%2C%2090vT%2C%2054%20Amps', 'BA-1:BA-2:G-3::B-A:B-B:B-D:B-F:B-H:B-I:B-J:B-K:B-L:B-M:DA-34:DA-35:DA-36:DA-37:DA-38:DA-39:DA-40:DA-41:DA-42', '0', '22050.00', '18301.50', '19845.00', '15435.00', '', 2, ''),
(143, '6', 'CD', '24', NULL, '101234', 'PMC%20PH-25%2C%2015kW%2C%2090vT%2C%2060%20Amps', 'BA-1:BA-2:G-3::B-A:B-B:B-D:B-F:B-H:B-I:B-J:B-K:B-L:B-M:DA-34:DA-35:DA-36:DA-37:DA-38:DA-39:DA-40:DA-41:DA-42', '0', '22050.00', '18301.50', '19845.00', '15435.00', '', 2, ''),
(144, '6', 'CD', '25', NULL, '103242', 'PMC%20PH-40%2C%2015kW%2C%20120vT%2C%2073%20Amps', 'BA-1:BA-2:II-6:B-E:B-G:G-3::B-A:B-B:B-D:B-F:B-H:B-I:B-J:B-K:B-L:B-M:DA-36:DA-37:DA-38:DA-39:DA-40:DA-41:DA-42', '0', '26430.00', '21936.90', '23787.00', '18501.00', '', 2, ''),
(145, '6', 'CD', '26', NULL, '103243', 'PMC%20PH-40%2C%2018kW%2C%20120vT%2C%2081%20Amps', 'BA-1:BA-2:II-6:B-E:B-G:G-3::B-A:B-B:B-D:B-F:B-H:B-I:B-J:B-K:B-L:B-M:DA-36:DA-37:DA-38:DA-39:DA-40:DA-41:DA-42', '0', '26430.00', '21936.90', '23787.00', '18501.00', '', 2, ''),
(146, '6', 'CD', '27', NULL, '103244', 'PMC%20PH-40%2C%2021kW%2C%20120vT%2089%20Amps', 'BA-1:BA-2:II-6:B-E:B-G:G-3::B-A:B-B:B-D:B-F:B-H:B-I:B-J:B-K:B-L:B-M:DA-36:DA-37:DA-38:DA-39:DA-40:DA-41:DA-42', '0', '26430.00', '21936.90', '23787.00', '18501.00', '', 2, ''),
(147, '6', 'CD', '28', NULL, '112244', 'PMC%20PH-55%2C%2021kW%2C%20120vT%2C%20102%20%20Amps', 'BA-1:BA-2:II-6:B-E:B-G:G-3::B-A:B-B:B-D:B-F:B-H:B-I:B-J:B-K:B-L:B-M:DA-36:DA-37:DA-38:DA-39:DA-40:DA-41:DA-42', '0', '26430.00', '21936.90', '23787.00', '18501.00', '', 2, ''),
(148, '6', 'CD', '29', NULL, '106234', 'PMC%20PHX-2%2C%2014kW%2C%2090vT%2C%2050%20Amps', 'BA-1:BA-2:G-4::B-A:B-B:B-D:B-F:B-H:B-I:B-J:B-K:B-L:B-M:DA-29:DA-30:DA-31:DA-32:DA-33:DA-34:DA-35:DA-41:DA-42', '0', '28475.00', '23634.25', '25627.50', '19932.50', '', 2, ''),
(149, '6', 'CD', '30', NULL, '102232', 'PMC%20PHX-25%2C%2010kW%2C%2090vT%2C%2049%20Amps', 'BA-1:BA-2:G-3::B-A:B-B:B-D:B-F:B-H:B-I:B-J:B-K:B-L:B-M:DA-29:DA-30:DA-31:DA-32:DA-33:DA-34:DA-35:DA-41:DA-42', '0', '23050.00', '19131.50', '20745.00', '16135.00', '', 2, '');
INSERT INTO `selections` (`index`, `option_index`, `option_id`, `id`, `info_index`, `part_number`, `description`, `exclude`, `dealer_only`, `list_price`, `dealer_price`, `cj_price`, `graco_price`, `image`, `product_type`, `categories`) VALUES
(150, '6', 'CD', '31', NULL, '102233', 'PMC%20PHX-25%2C%2012kW%2C%2090vT%2C%2054%20Amps', 'BA-1:BA-2:G-3::B-A:B-B:B-D:B-F:B-H:B-I:B-J:B-K:B-L:B-M:DA-29:DA-30:DA-31:DA-32:DA-33:DA-34:DA-35:DA-41:DA-42', '0', '23050.00', '19131.50', '20745.00', '16135.00', '', 2, ''),
(151, '6', 'CD', '32', NULL, '104242', 'PMC%20PHX-40%2C%2015kW%2C%20120vT%2C%2067%20Amps', 'BA-1:BA-2:II-6:B-E:B-G:G-3::B-A:B-B:B-D:B-F:B-H:B-I:B-J:B-K:B-L:B-M:DA-29:DA-30:DA-31:DA-32:DA-33:DA-34:DA-35', '0', '27150.00', '22534.50', '24435.00', '19005.00', '', 2, ''),
(152, '6', 'CD', '33', NULL, '104243', 'PMC%20PHX-40%2C%2018kW%2C%20120vT%2C%2075%20Amps', 'BA-1:BA-2:II-6:B-E:B-G:G-3::B-A:B-B:B-D:B-F:B-H:B-I:B-J:B-K:B-L:B-M:DA-29:DA-30:DA-31:DA-32:DA-33:DA-34:DA-35', '0', '27150.00', '22534.50', '24435.00', '19005.00', '', 2, ''),
(153, '6', 'CD', '34', NULL, '104244', 'PMC%20PHX-40%2C%2021kW%2C%20120vT%2C%2084%20Amps', 'BA-1:BA-2:II-6:B-E:B-G:G-3::B-A:B-B:B-D:B-F:B-H:B-I:B-J:B-M:DA-29:DA-30:DA-31:DA-32:DA-33:DA-34:DA-35', '0', '27150.00', '22534.50', '24435.00', '19005.00', '', 2, ''),
(154, '7', 'DA', '0', NULL, '', 'Titan%20Machine%20Includes%20Hose%20-%20Select%20Here', 'BA-1:BA-3:B-A:B-B:B-D:B-F:B-H:B-J:B-K:B-L:B-M', '0', '0.00', '0.00', '0.00', '0.00', '', 2, ''),
(155, '7', 'DA', '1', NULL, '246678 x 2, 246050 x 1', '110%20ft%3A%202%2C000%20psi', 'BA-2:BA-3:CD-3:CD-4:CD-5:CD-6:CD-7:CD-8:CD-9:CD-10:CD-11:CD-12:CD-13:CD-2::B-A:B-B:B-D:B-F:B-H:B-I:B-J:B-K:B-L:B-M', '0', '4272.00', '2990.40', '3417.60', '2563.20', '', 2, ''),
(156, '7', 'DA', '2', NULL, '246678 x 3, 246050 x 1', '160%20ft%3A%202%2C000%20psi', 'BA-2:BA-3:CD-3:CD-4:CD-5:CD-6:CD-7:CD-8:CD-9:CD-10:CD-11:CD-12:CD-13:CD-2::B-A:B-B:B-D:B-F:B-H:B-I:B-J:B-K:B-L:B-M', '0', '6072.00', '4250.40', '4857.60', '3643.20', '', 2, ''),
(157, '7', 'DA', '3', NULL, '246678 x 4, 246050 x 1', '210%20ft%3A%202%2C000%20psi', 'BA-2:BA-3:CD-3:CD-4:CD-5:CD-6:CD-7:CD-8:CD-9:CD-10:CD-11:CD-12:CD-13:CD-2::B-A:B-B:B-D:B-F:B-H:B-I:B-J:B-K:B-L:B-M', '0', '7872.00', '5510.40', '6297.60', '4723.20', '', 2, ''),
(158, '7', 'DA', '8', NULL, '246679 x 2, 246055 x 1', '110%20ft%3A%203%2C500%20psi', 'BA-2:BA-3:CD-3:CD-4:CD-5:CD-6:CD-7:CD-8:CD-9:CD-10:CD-11:CD-12:CD-13:CD-1::B-A:B-B:B-D:B-F:B-H:B-I:B-J:B-K:B-L:B-M', '0', '5969.00', '4178.30', '4775.20', '3581.40', '', 2, ''),
(159, '7', 'DA', '9', NULL, '246679 x 3, 246055 x 1', '160%20ft%3A%203%2C500%20psi', 'BA-2:BA-3:CD-3:CD-4:CD-5:CD-6:CD-7:CD-8:CD-9:CD-10:CD-11:CD-12:CD-13:CD-1::B-A:B-B:B-D:B-F:B-H:B-I:B-J:B-K:B-L:B-M', '0', '8509.00', '5956.30', '6807.20', '5105.40', '', 2, ''),
(160, '7', 'DA', '10', NULL, '246679 x 4, 246055 x 1', '210%20ft%3A%203%2C500%20psi', 'BA-2:BA-3:CD-3:CD-4:CD-5:CD-6:CD-7:CD-8:CD-9:CD-10:CD-11:CD-12:CD-13:CD-1::B-A:B-B:B-D:B-F:B-H:B-I:B-J:B-K:B-L:B-M', '0', '11049.00', '7734.30', '8839.20', '6629.40', '', 2, ''),
(161, '7', 'DA', '15', NULL, '24k240 x 2, 246050 x 1', '110%20ft%3A%20RTD%3A%202%2C000%20psi', 'BA-2:BA-3:CD-1:CD-2:CD-9:CD-10:CD-13::B-A:B-B:B-D:B-F:B-H:B-I:B-J:B-K:B-L:B-M', '0', '4272.00', '2990.40', '3417.60', '2563.20', '', 2, ''),
(162, '7', 'DA', '16', NULL, '24k240 x 3, 246050 x 1', '160%20ft%3A%20RTD%3A%202%2C000%20psi', 'BA-2:BA-3:CD-1:CD-2:CD-9:CD-10:CD-13::B-A:B-B:B-D:B-F:B-H:B-I:B-J:B-K:B-L:B-M', '0', '6072.00', '4250.40', '4857.60', '3643.20', '', 2, ''),
(163, '7', 'DA', '17', NULL, '24k240 x 4, 246050 x 1', '210%20ft%3A%20RTD%3A%202%2C000%20psi', 'BA-2:BA-3:CD-1:CD-2:CD-9:CD-10:CD-13::B-A:B-B:B-D:B-F:B-H:B-I:B-J:B-K:B-L:B-M', '0', '7872.00', '5510.40', '6297.60', '4723.20', '', 2, ''),
(164, '7', 'DA', '18', NULL, '24k240 x 5, 246050 x 1', '260%20ft%3A%20RTD%3A%202%2C000%20psi', 'BA-2:BA-3:CD-1:CD-2:CD-9:CD-10:CD-13::B-A:B-B:B-D:B-F:B-H:B-I:B-J:B-K:B-L:B-M', '0', '9672.00', '6770.40', '7737.60', '5803.20', '', 2, ''),
(165, '7', 'DA', '19', NULL, '24k240 x 6, 246050 x 1', '310%20ft%3A%20RTD%3A%202%2C000%20psi', 'BA-2:BA-3:CD-1:CD-2:CD-9:CD-10:CD-13::B-A:B-B:B-D:B-F:B-H:B-I:B-J:B-K:B-L:B-M', '0', '11472.00', '8030.40', '9177.60', '6883.20', '', 2, ''),
(166, '7', 'DA', '20', NULL, '24k240 x 7, 246050 x 1', '360%20ft%3A%20RTD%3A%202%2C000%20psi', 'BA-2:BA-3:CD-1:CD-2:CD-9:CD-10:CD-13:CD-3:CD-4:CD-5:CD-6:CD-11:CD-12::B-A:B-B:B-D:B-F:B-H:B-I:B-J:B-K:B-L:B-M', '0', '13272.00', '9290.40', '10617.60', '7963.20', '', 2, ''),
(167, '7', 'DA', '21', NULL, '24k240 x 8, 246050 x 1', '410%20ft%3A%20RTD%3A%202%2C000%20psi', 'BA-2:BA-3:CD-1:CD-2:CD-9:CD-10:CD-13:CD-3:CD-4:CD-5:CD-6:CD-11:CD-12::B-A:B-B:B-D:B-F:B-H:B-I:B-J:B-K:B-L:B-M', '0', '15072.00', '10550.40', '12057.60', '9043.20', '', 2, ''),
(168, '7', 'DA', '22', NULL, '24k241 x 2, 246055 x 1', '110%20ft%3A%20RTD%3A%203%2C500%20psi', 'BA-2:BA-3:CD-1:CD-2:CD-3:CD-4:CD-5:CD-6:CD-7:CD-8:CD-11:CD-12::B-A:B-B:B-D:B-F:B-H:B-I:B-J:B-K:B-L:B-M', '0', '5969.00', '4178.30', '4775.20', '3581.40', '', 2, ''),
(169, '7', 'DA', '23', NULL, '24k241 x 3, 246055 x 1', '160%20ft%3A%20RTD%3A%203%2C500%20psi', 'BA-2:BA-3:CD-1:CD-2:CD-3:CD-4:CD-5:CD-6:CD-7:CD-8:CD-11:CD-12::B-A:B-B:B-D:B-F:B-H:B-I:B-J:B-K:B-L:B-M', '0', '8509.00', '5956.30', '6807.20', '5105.40', '', 2, ''),
(170, '7', 'DA', '24', NULL, '24k241 x 4, 246055 x 1', '210%20ft%3A%20RTD%3A%203%2C500%20psi', 'BA-2:BA-3:CD-1:CD-2:CD-3:CD-4:CD-5:CD-6:CD-7:CD-8:CD-11:CD-12::B-A:B-B:B-D:B-F:B-H:B-I:B-J:B-K:B-L:B-M', '0', '11049.00', '7734.30', '8839.20', '6629.40', '', 2, ''),
(171, '7', 'DA', '25', NULL, '24k241 x 5, 246055 x 1', '260%20ft%3A%20RTD%3A%203%2C500%20psi', 'BA-2:BA-3:CD-1:CD-2:CD-3:CD-4:CD-5:CD-6:CD-7:CD-8:CD-11:CD-12::B-A:B-B:B-D:B-F:B-H:B-I:B-J:B-K:B-L:B-M', '0', '13589.00', '9512.30', '10871.20', '8153.40', '', 2, ''),
(172, '7', 'DA', '26', NULL, '24k241 x 6, 246055 x 1', '310%20ft%3A%20RTD%3A%203%2C500%20psi', 'BA-2:BA-3:CD-1:CD-2:CD-3:CD-4:CD-5:CD-6:CD-7:CD-8:CD-11:CD-12::B-A:B-B:B-D:B-F:B-H:B-I:B-J:B-K:B-L:B-M', '0', '16129.00', '11290.30', '12903.20', '9677.40', '', 2, ''),
(173, '7', 'DA', '27', NULL, '24k241 x 7, 246055 x 1', '360%20ft%3A%20RTD%3A%203%2C500%20psi', 'BA-2:BA-3:CD-1:CD-2:CD-3:CD-4:CD-5:CD-6:CD-7:CD-8:CD-11:CD-12:CD-10:CD-13::B-A:B-B:B-D:B-F:B-H:B-I:B-J:B-K:B-L:B-M', '0', '18669.00', '13068.30', '14935.20', '11201.40', '', 2, ''),
(174, '7', 'DA', '28', NULL, '24k241 x 8, 246055 x 1', '410%20ft%3A%20RTD%3A%203%2C500%20psi', 'BA-2:BA-3:CD-1:CD-2:CD-3:CD-4:CD-5:CD-6:CD-7:CD-8:CD-11:CD-12:CD-10:CD-13::B-A:B-B:B-D:B-F:B-H:B-I:B-J:B-K:B-L:B-M', '0', '21209.00', '14846.30', '16967.20', '12725.40', '', 2, ''),
(175, '7', 'DA', '43', NULL, '24y240 x 2, 246050 x 1', '110%20ft%3A%20RTD%3A%202%2C000%20psi%2C%20Extreme%20Scuff%20Jacket', 'BA-2:BA-3:CD-1:CD-2:CD-9:CD-10:CD-13:CD-35::B-A:B-B:B-I:B-J:B-K:B-L:B-M', '0', '4772.00', '3340.40', '3817.60', '2863.20', '', 2, ''),
(176, '7', 'DA', '44', NULL, '24y240 x 3, 246050 x 1', '160%20ft%3A%20RTD%3A%202%2C000%20psi%2C%20Extreme%20Scuff%20Jacket', 'BA-2:BA-3:CD-1:CD-2:CD-9:CD-10:CD-13:CD-35::B-B:B-I:B-J:B-K:B-L:B-M', '0', '6822.00', '4775.40', '5457.60', '4093.20', '', 2, ''),
(177, '7', 'DA', '45', NULL, '24y240 x 4, 246050 x 1', '210%20ft%3A%20RTD%3A%202%2C000%20psi%2C%20Extreme%20Scuff%20Jacket', 'BA-2:BA-3:CD-1:CD-2:CD-9:CD-10:CD-13:CD-35::B-B:B-I:B-J:B-K:B-L:B-M', '0', '8872.00', '6210.40', '7097.60', '5323.20', '', 2, ''),
(178, '7', 'DA', '46', NULL, '24y240 x 5, 246050 x 1', '260%20ft%3A%20RTD%3A%202%2C000%20psi%2C%20Extreme%20Scuff%20Jacket', 'BA-2:BA-3:CD-1:CD-2:CD-9:CD-10:CD-13:CD-35::B-B:B-I:B-J:B-K:B-L:B-M', '0', '10922.00', '7645.40', '8737.60', '6553.20', '', 2, ''),
(179, '7', 'DA', '47', NULL, '24y240 x 6, 246050 x 1', '310%20ft%3A%20RTD%3A%202%2C000%20psi%2C%20Extreme%20Scuff%20Jacket', 'BA-2:BA-3:CD-1:CD-2:CD-9:CD-10:CD-13:CD-11:CD-12:CD-35::B-B:B-I:B-J:B-K:B-L:B-M', '0', '12972.00', '9080.40', '10377.60', '7783.20', '', 2, ''),
(180, '7', 'DA', '48', NULL, '24y240 x 7, 246050 x 1', '360%20ft%3A%20RTD%3A%202%2C000%20psi%2C%20Extreme%20Scuff%20Jacket', 'BA-2:BA-3:CD-1:CD-2:CD-9:CD-10:CD-13:CD-3:CD-4:CD-5:CD-6:CD-11:CD-12:CD-35::B-B:B-I:B-J:B-K:B-L:B-M', '0', '15022.00', '10515.40', '12017.60', '9013.20', '', 2, ''),
(181, '7', 'DA', '49', NULL, '24y240 x 8, 246050 x 1', '410%20ft%3A%20RTD%3A%202%2C000%20psi%2C%20Extreme%20Scuff%20Jacket', 'BA-2:BA-3:CD-1:CD-2:CD-9:CD-10:CD-13:CD-3:CD-4:CD-5:CD-6:CD-11:CD-12:CD-35::B-B:B-I:B-J:B-K:B-L:B-M', '0', '17072.00', '11950.40', '13657.60', '10243.20', '', 2, ''),
(182, '7', 'DA', '50', NULL, '24y241 x 2, 246055 x 1', '110%20ft%3A%20RTD%3A%203%2C500%20psi%2C%20Extreme%20Scuff%20Jacket', 'BA-2:BA-3:CD-1:CD-2:CD-3:CD-4:CD-5:CD-6:CD-7:CD-8:CD-11:CD-12:CD-35::B-B:B-I:B-J:B-K:B-L:B-M', '0', '6469.00', '4528.30', '5175.20', '3881.40', '', 2, ''),
(183, '7', 'DA', '51', NULL, '24y241 x 3, 246055 x 1', '160%20ft%3A%20RTD%3A%203%2C500%20psi%2C%20Extreme%20Scuff%20Jacket', 'BA-2:BA-3:CD-1:CD-2:CD-3:CD-4:CD-5:CD-6:CD-7:CD-8:CD-11:CD-12:CD-35::B-B:B-I:B-J:B-K:B-L:B-M', '0', '9259.00', '6481.30', '7407.20', '5555.40', '', 2, ''),
(184, '7', 'DA', '52', NULL, '24y241 x 4, 246055 x 1', '210%20ft%3A%20RTD%3A%203%2C500%20psi%2C%20Extreme%20Scuff%20Jacket', 'BA-2:BA-3:CD-1:CD-2:CD-3:CD-4:CD-5:CD-6:CD-7:CD-8:CD-11:CD-12:CD-35::B-B:B-I:B-J:B-K:B-L:B-M', '0', '12049.00', '8434.30', '9639.20', '7229.40', '', 2, ''),
(185, '7', 'DA', '53', NULL, '24y241 x 5, 246055 x 1', '260%20ft%3A%20RTD%3A%203%2C500%20psi%2C%20Extreme%20Scuff%20Jacket', 'BA-2:BA-3:CD-1:CD-2:CD-3:CD-4:CD-5:CD-6:CD-7:CD-8:CD-11:CD-12:CD-35::B-B:B-I:B-J:B-K:B-L:B-M', '0', '14839.00', '10387.30', '11871.20', '8903.40', '', 2, ''),
(186, '7', 'DA', '54', NULL, '24y241 x 6, 246055 x 1', '310%20ft%3A%20RTD%3A%203%2C500%20psi%2C%20Extreme%20Scuff%20Jacket', 'BA-2:BA-3:CD-1:CD-2:CD-3:CD-4:CD-5:CD-6:CD-7:CD-8:CD-11:CD-12:CD-13:CD-35::B-B:B-I:B-J:B-K:B-L:B-M', '0', '17629.00', '12340.30', '14103.20', '10577.40', '', 2, ''),
(187, '7', 'DA', '55', NULL, '24y241 x 7, 246055 x 1', '360%20ft%3A%20RTD%3A%203%2C500%20psi%2C%20Extreme%20Scuff%20Jacket', 'BA-2:BA-3:CD-1:CD-2:CD-3:CD-4:CD-5:CD-6:CD-7:CD-8:CD-11:CD-12:CD-10:CD-13:CD-35::B-B:B-I:B-J:B-K:B-L:B-M', '0', '20419.00', '14293.30', '16335.20', '12251.40', '', 2, ''),
(188, '7', 'DA', '56', NULL, '24y241 x 8, 246055 x 1', '410%20ft%3A%20RTD%3A%203%2C500%20psi%2C%20Extreme%20Scuff%20Jacket', 'BA-2:BA-3:CD-1:CD-2:CD-3:CD-4:CD-5:CD-6:CD-7:CD-8:CD-11:CD-12:CD-10:CD-13:CD-35::B-B:B-I:B-J:B-K:B-L:B-M', '0', '23209.00', '16246.30', '18567.20', '13925.40', '', 2, ''),
(189, '7', 'DA', '29', NULL, 'PMC-200006 x 2, PMC-00040A x 1', 'PMC%20110%20ft%3A%20FTS%3A%202%2C000%20psi', 'BA-1:BA-2:CD-1:CD-2:CD-3:CD-4:CD-5:CD-6:CD-7:CD-8:CD-9:CD-10:CD-11:CD-12:CD-13:CD-14:CD-15:CD-16:CD-29:CD-30:CD-31:CD-32:CD-33:CD-34::B-A:B-B:B-D:B-F:B-H:B-I:B-J:B-K:B-L:B-M', '0', '3600.00', '2988.00', '3240.00', '2520.00', '', 2, ''),
(190, '7', 'DA', '30', NULL, 'PMC-200006 x 3, PMC-00040A x 1', 'PMC%20160%20ft%3A%20FTS%3A%202%2C000%20psi', 'BA-1:BA-2:CD-1:CD-2:CD-3:CD-4:CD-5:CD-6:CD-7:CD-8:CD-9:CD-10:CD-11:CD-12:CD-13:CD-14:CD-15:CD-16:CD-29:CD-30:CD-31:CD-32:CD-33:CD-34::B-A:B-B:B-D:B-F:B-H:B-I:B-J:B-K:B-L:B-M', '0', '5115.00', '4245.45', '4603.50', '3580.50', '', 2, ''),
(191, '7', 'DA', '31', NULL, 'PMC-200006 x 4, PMC-00040A x 1', 'PMC%20210%20ft%3A%20FTS%3A%202%2C000%20psi', 'BA-1:BA-2:CD-1:CD-2:CD-3:CD-4:CD-5:CD-6:CD-7:CD-8:CD-9:CD-10:CD-11:CD-12:CD-13:CD-14:CD-15:CD-16:CD-29:CD-30:CD-31:CD-32:CD-33:CD-34::B-A:B-B:B-D:B-F:B-H:B-I:B-J:B-K:B-L:B-M', '0', '6630.00', '5502.90', '5967.00', '4641.00', '', 2, ''),
(192, '7', 'DA', '32', NULL, 'PMC-200006 x 5, PMC-00040A x 1', 'PMC%20260%20ft%3A%20FTS%3A%202%2C000%20psi', 'BA-1:BA-2:CD-1:CD-2:CD-3:CD-4:CD-5:CD-6:CD-7:CD-8:CD-9:CD-10:CD-11:CD-12:CD-13:CD-14:CD-15:CD-16:CD-29:CD-30:CD-31:CD-32:CD-33:CD-34::B-A:B-B:B-D:B-F:B-H:B-I:B-J:B-K:B-L:B-M', '0', '8145.00', '6760.35', '7330.50', '5701.50', '', 2, ''),
(193, '7', 'DA', '33', NULL, 'PMC-200006 x 6, PMC-00040A x 1', 'PMC%20310%20ft%3A%20FTS%3A%202%2C000%20psi', 'BA-1:BA-2:CD-1:CD-2:CD-3:CD-4:CD-5:CD-6:CD-7:CD-8:CD-9:CD-10:CD-11:CD-12:CD-13:CD-14:CD-15:CD-16:CD-29:CD-30:CD-31:CD-32:CD-33:CD-34::B-A:B-B:B-D:B-F:B-H:B-I:B-J:B-K:B-L:B-M', '0', '9660.00', '8017.80', '8694.00', '6762.00', '', 2, ''),
(194, '7', 'DA', '34', NULL, 'PMC-200006 x 7, PMC-00040A x 1', 'PMC%20360%20ft%3A%20FTS%3A%202%2C000%20psi', 'BA-1:BA-2:CD-1:CD-2:CD-3:CD-4:CD-5:CD-6:CD-7:CD-8:CD-9:CD-10:CD-11:CD-12:CD-13:CD-14:CD-15:CD-16:CD-29:CD-30:CD-31:CD-32:CD-33:CD-34:CD-17:CD-18:CD-19:CD-20:CD-21:CD-22:CD-23:CD-24:CD-35::B-A:B-B:B-D:B-F:B-H:B-I:B-J:B-K:B-L:B-M', '0', '11175.00', '9275.25', '10057.50', '7822.50', '', 2, ''),
(195, '7', 'DA', '35', NULL, 'PMC-200006 x 8, PMC-00040A x 1', 'PMC%20410%20ft%3A%20FTS%3A%202%2C000%20psi', 'BA-1:BA-2:CD-1:CD-2:CD-3:CD-4:CD-5:CD-6:CD-7:CD-8:CD-9:CD-10:CD-11:CD-12:CD-13:CD-14:CD-15:CD-16:CD-29:CD-30:CD-31:CD-32:CD-33:CD-34:CD-17:CD-18:CD-19:CD-20:CD-21:CD-22:CD-23:CD-24:CD-35::B-A:B-B:B-D:B-F:B-H:B-I:B-J:B-K:B-L:B-M', '0', '12690.00', '10532.70', '11421.00', '8883.00', '', 2, ''),
(196, '7', 'DA', '36', NULL, 'PMC-200008 x 2, PMC-00040A x 1', 'PMC%20110%20ft%3A%20FTS%3A%203%2C500%20psi', 'BA-1:BA-2:CD-1:CD-2:CD-3:CD-4:CD-5:CD-6:CD-7:CD-8:CD-9:CD-10:CD-11:CD-12:CD-13:CD-14:CD-15:CD-16:CD-17:CD-18:CD-19:CD-20:CD-21:CD-22:CD-23:CD-24:CD-25:CD-26:CD-27:CD-28:CD-35::B-A:B-B:B-D:B-F:B-H:B-I:B-J:B-K:B-L:B-M', '0', '4890.00', '4058.70', '4401.00', '3423.00', '', 2, ''),
(197, '7', 'DA', '37', NULL, 'PMC-200008 x 3, PMC-00040A x 1', 'PMC%20160%20ft%3A%20FTS%3A%203%2C500%20psi', 'BA-1:BA-2:CD-1:CD-2:CD-3:CD-4:CD-5:CD-6:CD-7:CD-8:CD-9:CD-10:CD-11:CD-12:CD-13:CD-14:CD-15:CD-16:CD-17:CD-18:CD-19:CD-20:CD-21:CD-22:CD-23:CD-24:CD-25:CD-26:CD-27:CD-28:CD-35::B-A:B-B:B-D:B-F:B-H:B-I:B-J:B-K:B-L:B-M', '0', '7050.00', '5851.50', '6345.00', '4935.00', '', 2, ''),
(198, '7', 'DA', '38', NULL, 'PMC-200008 x 4, PMC-00040A x 1', 'PMC%20210%20ft%3A%20FTS%3A%203%2C500%20psi', 'BA-1:BA-2:CD-1:CD-2:CD-3:CD-4:CD-5:CD-6:CD-7:CD-8:CD-9:CD-10:CD-11:CD-12:CD-13:CD-14:CD-15:CD-16:CD-17:CD-18:CD-19:CD-20:CD-21:CD-22:CD-23:CD-24:CD-25:CD-26:CD-27:CD-28:CD-35::B-A:B-B:B-D:B-F:B-H:B-I:B-J:B-K:B-L:B-M', '0', '9210.00', '7644.30', '8289.00', '6447.00', '', 2, ''),
(199, '7', 'DA', '39', NULL, 'PMC-200008 x 5, PMC-00040A x 1', 'PMC%20260%20ft%3A%20FTS%3A%203%2C500%20psi', 'BA-1:BA-2:CD-1:CD-2:CD-3:CD-4:CD-5:CD-6:CD-7:CD-8:CD-9:CD-10:CD-11:CD-12:CD-13:CD-14:CD-15:CD-16:CD-17:CD-18:CD-19:CD-20:CD-21:CD-22:CD-23:CD-24:CD-25:CD-26:CD-27:CD-28:CD-35::B-A:B-B:B-D:B-F:B-H:B-I:B-J:B-K:B-L:B-M', '0', '11370.00', '9437.10', '10233.00', '7959.00', '', 2, ''),
(200, '7', 'DA', '40', NULL, 'PMC-200008 x 6, PMC-00040A x 1', 'PMC%20310%20ft%3A%20FTS%3A%203%2C500%20psi', 'BA-1:BA-2:CD-1:CD-2:CD-3:CD-4:CD-5:CD-6:CD-7:CD-8:CD-9:CD-10:CD-11:CD-12:CD-13:CD-14:CD-15:CD-16:CD-17:CD-18:CD-19:CD-20:CD-21:CD-22:CD-23:CD-24:CD-25:CD-26:CD-27:CD-28:CD-35::B-A:B-B:B-D:B-F:B-H:B-I:B-J:B-K:B-L:B-M', '0', '13530.00', '11229.90', '12177.00', '9471.00', '', 2, ''),
(201, '7', 'DA', '41', NULL, 'PMC-200008 x 7, PMC-00040A x 1', 'PMC%20360%20ft%3A%20FTS%3A%203%2C500%20psi', 'BA-1:BA-2:CD-1:CD-2:CD-3:CD-4:CD-5:CD-6:CD-7:CD-8:CD-9:CD-10:CD-11:CD-12:CD-13:CD-14:CD-15:CD-16:CD-17:CD-18:CD-19:CD-20:CD-21:CD-22:CD-23:CD-24:CD-25:CD-26:CD-27:CD-28:CD-29:CD-30:CD-31:CD-35::B-A:B-B:B-D:B-F:B-H:B-I:B-J:B-K:B-L:B-M', '0', '15690.00', '13022.70', '14121.00', '10983.00', '', 2, ''),
(202, '7', 'DA', '42', NULL, 'PMC-200008 x 8, PMC-00040A x 1', 'PMC%20410%20ft%3A%20FTS%3A%203%2C500%20psi', 'BA-1:BA-2:CD-1:CD-2:CD-3:CD-4:CD-5:CD-6:CD-7:CD-8:CD-9:CD-10:CD-11:CD-12:CD-13:CD-14:CD-15:CD-16:CD-17:CD-18:CD-19:CD-20:CD-21:CD-22:CD-23:CD-24:CD-25:CD-26:CD-27:CD-28:CD-29:CD-30:CD-31:CD-35::B-A:B-B:B-D:B-F:B-H:B-I:B-J:B-K:B-L:B-M', '0', '17850.00', '14815.50', '16065.00', '12495.00', '', 2, ''),
(203, '7', 'DA', '57', NULL, '', 'Not%20Available', 'B-E:B-G:', '0', '0.00', '0.00', '0.00', '0.00', '', 2, ''),
(204, '8', 'EE', '0', NULL, '', 'No%20Gun', 'CC-14:CD:14:GG-1:GG-2:GG-3:GG-4:GG-5:GG-6:GG-7:GG-8', '0', '0.00', '0.00', '0.00', '0.00', '', 2, ''),
(205, '8', 'EE', '1', '109', '', 'Helix%20LP%20Gun%20Pack', 'B-A:B-B:B-D:B-E:B-F:B-G:B-H:B-I:B-J:B-L::GG-1:GG-2:GG-3:GG-4:GG-5:GG-6:GG-7:GG-8', '0', '0.00', '0.00', '0.00', '0.00', '', 2, ''),
(206, '8', 'EE', '2', NULL, '246101 x 1', 'Graco%20Fusion%20Air%20Purge%20Spray%20Gun%20-%20One%20%281%29%20', 'CC-14:CD:14:B-E:B-G::GG-2:GG-3:GG-4:GG-6:GG-7:GG-8', '0', '2490.00', '1743.00', '1992.00', '1494.00', '', 2, ''),
(207, '8', 'EE', '3', '110', '246101 x 2', 'Graco%20Fusion%20Air%20Purge%20Spray%20Guns%20-%20Two%20%282%29%20%20', 'CC-14:CD:14::GG-2:GG-3:GG-4:GG-6:GG-7:GG-8', '0', '4980.00', '3486.00', '3984.00', '2988.00', '', 2, ''),
(208, '8', 'EE', '4', NULL, '246101 x 3', 'Graco%20Fusion%20Air%20Purge%20Spray%20Guns%20-%20Three%20%283%29%20%20', 'CC-14:CD:14:B-A:B-B:B-D:B-F:B-H:B-I:B-J:B-L::GG-2:GG-3:GG-4:GG-6:GG-7:GG-8', '0', '7470.00', '5229.00', '5976.00', '4482.00', '', 2, ''),
(209, '8', 'EE', '5', NULL, '246101 x 4', 'Graco%20Fusion%20Air%20Purge%20Spray%20Guns%20-%20Four%20%284%29%20%20', 'CC-14:CD:14:B-A:B-B:B-D:B-F:B-H:B-I:B-J:B-L::GG-2:GG-3:GG-4:GG-6:GG-7:GG-8', '0', '9960.00', '6972.00', '7968.00', '5976.00', '', 2, ''),
(210, '8', 'EE', '6', NULL, 'CS01RD x 1', 'Graco%20Fusion%20Clear%20Shot%20Spray%20Gun%20-%20One%20%281%29%20', 'CC-14:CD:14:B-E:B-G::GG-1:GG-3:GG-4:GG-5:GG-7:GG-8', '0', '2770.00', '1939.00', '2216.00', '1662.00', '', 2, ''),
(211, '8', 'EE', '7', '111', 'CS01RD x 2', 'Graco%20Fusion%20Clear%20Shot%20Spray%20Guns%20-%20Two%20%282%29%20', 'CC-14:CD:14::GG-1:GG-3:GG-4:GG-5:GG-7:GG-8', '0', '5540.00', '3878.00', '4432.00', '3324.00', '', 2, ''),
(212, '8', 'EE', '8', NULL, 'CS01RD x 3', 'Graco%20Fusion%20Clear%20Shot%20Spray%20Guns%20-%20Three%20%283%29%20', 'CC-14:CD:14:B-A:B-B:B-D:B-F:B-H:B-I:B-J:B-L::GG-1:GG-3:GG-4:GG-5:GG-7:GG-8', '0', '8310.00', '5817.00', '6648.00', '4986.00', '', 2, ''),
(213, '8', 'EE', '9', NULL, 'CS01RD x 4', 'Graco%20Fusion%20Clear%20Shot%20Spray%20Guns%20-%20Four%20%284%29%20', 'CC-14:CD:14:B-A:B-B:B-D:B-F:B-H:B-I:B-J:B-L::GG-1:GG-3:GG-4:GG-5:GG-7:GG-8', '0', '11080.00', '7756.00', '8864.00', '6648.00', '', 2, ''),
(214, '8', 'EE', '10', NULL, 'GCP2R1 x 1', 'Graco%20Probler%20P2%20Spray%20Gun%20-%20One%20%281%29%20', 'CC-14:CD:14:B-E:B-G::GG-1:GG-2:GG-4:GG-5:GG-6:GG-8', '0', '3120.00', '2184.00', '2496.00', '1872.00', '', 2, ''),
(215, '8', 'EE', '11', NULL, 'GCP2R1 x 2', 'Graco%20Probler%20P2%20Spray%20Guns%20-%20Two%20%282%29%20%20', 'CC-14:CD:14::GG-1:GG-2:GG-4:GG-5:GG-6:GG-8', '0', '6240.00', '4368.00', '4992.00', '3744.00', '', 2, ''),
(216, '8', 'EE', '12', NULL, 'GCP2R1 x 3', 'Graco%20Probler%20P2%20Spray%20Guns%20-%20Three%20%283%29%20%20', 'CC-14:CD:14:B-A:B-B:B-D:B-F:B-H:B-I:B-J:B-L::GG-1:GG-2:GG-4:GG-5:GG-6:GG-8', '0', '9360.00', '6552.00', '7488.00', '5616.00', '', 2, ''),
(217, '8', 'EE', '13', NULL, 'GCP2R1 x 4', 'Graco%20Probler%20P2%20Spray%20Guns%20-%20Four%20%284%29%20%20', 'CC-14:CD:14:B-A:B-B:B-D:B-F:B-H:B-I:B-J:B-L::GG-1:GG-2:GG-4:GG-5:GG-6:GG-8', '0', '12480.00', '8736.00', '9984.00', '7488.00', '', 2, ''),
(218, '8', 'EE', '14', NULL, 'PMC-GU-AP-2-01-PKG x 1', 'PMC%20AP2%20-%20One%20%281%29%20', 'CC-14:CD:14:B-E:B-G::GG-1:GG-2:GG-3:GG-5:GG-6:GG-7', '0', '1280.00', '1062.40', '1152.00', '896.00', '', 2, ''),
(219, '8', 'EE', '15', NULL, 'PMC-GU-AP-2-01-PKG x 2', 'PMC%20AP2%20-%20Two%20%282%29%20%20', 'CC-14:CD:14::GG-1:GG-2:GG-3:GG-5:GG-6:GG-7', '0', '2560.00', '2124.80', '2304.00', '1792.00', '', 2, ''),
(220, '8', 'EE', '16', NULL, 'PMC-GU-AP-2-01-PKG x 3', 'PMC%20AP2%20-%20Three%20%283%29%20%20', 'CC-14:CD:14:B-A:B-B:B-D:B-F:B-H:B-I:B-J:B-L::GG-1:GG-2:GG-3:GG-5:GG-6:GG-7', '0', '3840.00', '3187.20', '3456.00', '2688.00', '', 2, ''),
(221, '8', 'EE', '17', NULL, 'PMC-GU-AP-2-01-PKG x 4', 'PMC%20AP2%20-%20Four%20%284%29%20%20', 'CC-14:CD:14:B-A:B-B:B-D:B-F:B-H:B-I:B-J:B-L::GG-1:GG-2:GG-3:GG-5:GG-6:GG-7', '0', '5120.00', '4249.60', '4608.00', '3584.00', '', 2, ''),
(222, '8', 'EE', '18', NULL, 'PMC-201079 x 1', 'PMC%20AP3%20-%20One%20%281%29%20', 'CC-14:CD:14:B-E:B-G::GG-1:GG-2:GG-3:GG-5:GG-6:GG-7', '0', '1425.00', '1182.75', '1282.50', '997.50', '', 2, ''),
(223, '8', 'EE', '19', NULL, 'PMC-201079 x 2', 'PMC%20AP3%20-%20Two%20%282%29%20%20', 'CC-14:CD:14::GG-1:GG-2:GG-3:GG-5:GG-6:GG-7', '0', '2850.00', '2365.50', '2565.00', '1995.00', '', 2, ''),
(224, '8', 'EE', '20', NULL, 'PMC-201079 x 3', 'PMC%20AP3%20-%20Three%20%283%29%20%20', 'CC-14:CD:14:B-A:B-B:B-D:B-F:B-H:B-I:B-J:B-L::GG-1:GG-2:GG-3:GG-5:GG-6:GG-7', '0', '4275.00', '3548.25', '3847.50', '2992.50', '', 2, ''),
(225, '8', 'EE', '21', NULL, 'PMC-201079 x 4', 'PMC%20AP3%20-%20Four%20%284%29%20%20', 'CC-14:CD:14:B-A:B-B:B-D:B-F:B-H:B-I:B-J:B-L::GG-1:GG-2:GG-3:GG-5:GG-6:GG-7', '0', '5700.00', '4731.00', '5130.00', '3990.00', '', 2, ''),
(226, '9', 'F', '1', '113', '256200 x 2', 'Graco%20T%3A1%20Transfer%20Pumps', 'CC-2:CC-3:CC-4:CC-5:CC-6:CC-7:CC-8:CC-9:CC-10:CC-11:CC-12:CC-13:CC-14:CC-21:CC-22:CC-23:CC-24:CC-25:CC-26:CC-27:CC-28:CC-30:CC-31:CC-32:CC-33:CC-34:CC-35:B-E:B-G:B-K:', '0', '2560.00', '1792.00', '2048.00', '1536.00', '', 2, ''),
(227, '9', 'F', '2', '114', '295616 x 2', 'Graco%20T%3A2%20Transfer%20Pumps', 'B-E:B-G:B-K:BB-I:CC-11:CC-12:CC-13:B-M:', '0', '3640.00', '2548.00', '2912.00', '2184.00', '', 2, ''),
(228, '9', 'F', '3', '115', '24Z834 x 2', 'Graco%20T%3A3%20Transfer%20Pumps%20Carbon%20Steel%20-%20Best%20Value', 'B-E:B-G:B-K:B-M:', '0', '2410.00', '1687.00', '1928.00', '1446.00', '', 2, ''),
(229, '9', 'F', '4', '116', '26A304 x 2', 'Graco%20T%3A3%20Transfer%20Pumps%20Stainless%20Steel', 'B-E:B-G:B-K:B-K:B-M:', '0', '3640.00', '2548.00', '2912.00', '2184.00', '', 2, ''),
(230, '9', 'F', '5', NULL, 'PMC-GHO', 'PMC%20GHO%202%3A1%20Transfer%20Pump', 'BA-1:BA-2:B-E:B-G:B-K:B-M:', '0', '2280.00', '1892.40', '2052.00', '1596.00', '', 2, ''),
(231, '9', 'F', '6', NULL, '810201 x 2', 'IPM%20IP-02%202%3A1%20Transfer%20Pump', 'CC-3:CC-4:CC-5:CC-6:CC-7:CC-8:CC-9:CC-10:CC-11:CC-12:CC-13:CC-16:CC-17:CC-18:CC-19:CC-20:CC-21:CC-22:CC-23:CC-24:CC-25:CC-26:CC-27:CC-28:CC-29:CC-30:CC-31:CC-32:CC-33:CC-34:CC-35:B-E:B-G:', '0', '2250.00', '1800.00', '2025.00', '1800.00', '', 2, ''),
(232, '9', 'F', '7', NULL, '820301 x 2', 'IPM%20OP232C%202%3A1%20Transfer%20Pump', 'B-E:B-G:B-K:BB-I:CC-11:CC-12:CC-13:B-M:', '0', '3100.00', '2170.00', '2480.00', '1860.00', '', 2, ''),
(233, '9', 'F', '8', NULL, '138762 x 2', 'Titan%202%3A1%20Transfer%20pump%20%28Graco%20IP-02%20for%20LP%29', 'BA-1:BA-2:BA-3:', '0', '2472.00', '1730.40', '1977.60', '1483.20', '', 2, ''),
(234, '9', 'F', '9', NULL, '138762 x 2', 'Titan%202%3A1%20Transfer%20pump%20%28Graco%20T2%20for%202%2C000%20%2B%29', 'BA-1:BA-2:BA-3:', '0', '2472.00', '1730.40', '1977.60', '1483.20', '', 2, ''),
(235, '9', 'F', '10', NULL, '246655 x 1', 'Triton%20308%20Feed%20Pumps%20%28Polyurea%20only%29', 'BA-1:BA-2:BA-3:', '0', '2550.00', '1785.00', '2040.00', '1530.00', '', 2, ''),
(236, '9', 'F', '11', NULL, '246376 x 1', 'Husky%201050%20Feed%20Pumps%20%28Open%20cell%20foam%20only%29', 'BA-1:BA-2:BA-3:', '0', '3330.00', '2331.00', '2664.00', '1998.00', '', 2, ''),
(237, '9', 'F', '12', NULL, '295616 x 4', 'Graco%20T%3A2%20Transfer%20Pumps%20-%20DUAL%20', 'B-A:B-B:B-D:B-F:B-H:B-I:B-J:B-K:B-L:B-M:', '0', '7280.00', '5096.00', '5824.00', '4368.00', '', 2, ''),
(238, '9', 'F', '13', NULL, '24Z834 x 4', 'Graco%20T%3A3%20Transfer%20Pumps%20Carbon%20Steel%20-%20Best%20Value%20-%20DUAL', 'B-A:B-B:B-D:B-F:B-H:B-I:B-J:B-K:B-L:B-M:', '0', '4820.00', '3374.00', '3856.00', '2892.00', '', 2, ''),
(239, '9', 'F', '14', NULL, '26A304 x 4', 'Graco%20T%3A3%20Transfer%20Pumps%20Stainless%20Steel%20-%20DUAL', 'B-A:B-B:B-D:B-F:B-H:B-I:B-J:B-K:B-L:B-M:', '0', '7280.00', '5096.00', '5824.00', '4368.00', '', 2, ''),
(240, '9', 'F', '15', NULL, '810201 x 4', 'PMC%20GHO%202%3A1%20Transfer%20Pump%20-%20DUAL', 'B-A:B-B:B-D:B-F:B-H:B-I:B-J:B-K:B-L:B-M:', '0', '4500.00', '3735.00', '4050.00', '3150.00', '', 2, ''),
(241, '9', 'F', '16', NULL, '820301 x 4', 'IPM%20IP-02%202%3A1%20Transfer%20Pump%20-%20DUAL', 'B-A:B-B:B-D:B-F:B-H:B-I:B-J:B-K:B-L:B-M:', '0', '6200.00', '4960.00', '5580.00', '4960.00', '', 2, ''),
(242, '9', 'F', '17', NULL, '138762 x 4', 'IPM%20OP232C%202%3A1%20Transfer%20Pump%20-%20DUAL', 'B-A:B-B:B-D:B-F:B-H:B-I:B-J:B-K:B-L:B-M:', '0', '4944.00', '3460.80', '3955.20', '2966.40', '', 2, ''),
(243, '10', 'G', '1', NULL, '', 'None', ':GG-9', '0', '0.00', '0.00', '0.00', '0.00', '', 1, ''),
(244, '10', 'G', '2', NULL, 'S60900-01', 'Manifold%20Recirc%20Sys%20Graco%2FTitan', 'BA-3:B-K:B-M::GG-9', '0', '781.25', '624.00', '765.00', '624.00', '', 1, ''),
(245, '10', 'G', '3', NULL, 'S60900-02', 'Manifold%20Recirc%20Sys%20PH%28X%292', 'BA-1:BA-2::CC-21:CC-22:CC-23:CC-24:CC-25:CC-26:CC-27:CC-28:CC-30:CC-31:CC-32:CC-33:CC-34:CD-21:CD-22:CD-23:CD-24:CD-25:CD-26:CD-27:CD-28:CD-30:CD-31:CD-32:CD-33:CD-34:GG-9', '0', '951.25', '744.00', '865.00', '744.00', '', 1, ''),
(246, '10', 'G', '4', NULL, 'S60900-03', 'Manifold%20Recirc%20Sys%20PH%28X%2925%2F40', 'BA-1:BA-2::CC-35:CC-17:CC-18:CC-19:CC-20:CC-29:CD-35:CD-17:CD-18:CD-19:CD-20:CD-29:GG-9', '0', '961.25', '744.00', '875.00', '744.00', '', 1, ''),
(247, '10', 'G', '5', NULL, 'S60900-01 x 2', 'Manifold%20Recirc%20Sys%20Graco%2FTitan%20-%20Dual', 'BA-3:B-A:B-B:B-D:B-F:B-H:B-I:B-J:B-K:B-L:B-M::GG-9', '0', '1562.50', '1248.00', '1530.00', '1248.00', '', 1, ''),
(248, '10', 'G', '6', NULL, 'S60900-02 x 2', 'Manifold%20Recirc%20Sys%20PH%28X%292%20-%20Dual', 'BA-1:BA-2:B-A:B-B:B-D:B-F:B-H:B-I:B-J:B-K:B-L:B-M::GG-9', '0', '1902.50', '1488.00', '1730.00', '1488.00', '', 1, ''),
(249, '10', 'G', '7', NULL, 'S60900-03 x 2', 'Manifold%20Recirc%20Sys%20PH%28X%2925%2F40%20-%20Dual', 'BA-1:BA-2:B-A:B-B:B-D:B-F:B-H:B-I:B-J:B-K:B-L:B-M::GG-9', '0', '1922.50', '1488.00', '1750.00', '1488.00', '', 1, ''),
(250, '10', 'G', '8', NULL, '', 'Titan%20LP%20Recirculation%20Kit', 'BA-1:BA-3:B-A:B-B:B-D:B-F:B-H:B-I:B-J:B-K:B-L::GG-0', '0', '0.00', '0.00', '0.00', '0.00', '', 1, ''),
(251, '11', 'GG', '0', '118', '', 'None', 'G-8:', '0', '0.00', '0.00', '0.00', '0.00', '', 1, ''),
(252, '11', 'GG', '1', '119', 'S60901-01', 'Heated%20Hose%20Recirc%20Sys%20Fusion%20AP', 'EE-0:EE-1:EE-6:EE-7:EE-8:EE-9:EE-10:EE-11:EE-12:EE-13:EE-14:EE-15:EE-16:EE-17:EE-18:EE-19:EE-20:EE-21:', '0', '610.00', '475.00', '555.00', '475.00', '', 1, ''),
(253, '11', 'GG', '2', '120', 'S60901-02', 'Heated%20Hose%20Recirc%20Sys%20Fusion%20CS', 'EE-0:EE-1:EE-2:EE-3:EE-4:EE-5:EE-10:EE-11:EE-12:EE-13:EE-14:EE-15:EE-16:EE-17:EE-18:EE-19:EE-20:EE-21:', '0', '650.00', '525.00', '595.00', '525.00', '', 1, ''),
(254, '11', 'GG', '3', NULL, 'S60901-03', 'Heated%20Hose%20Recirc%20Sys%20Probler%20P2', 'EE-0:EE-1:EE-2:EE-3:EE-4:EE-5:EE-6:EE-7:EE-8:EE-9:EE-14:EE-15:EE-16:EE-17:EE-18:EE-19:EE-20:EE-21:', '0', '610.00', '475.00', '555.00', '475.00', '', 1, ''),
(255, '11', 'GG', '4', NULL, 'S60901-04', 'Heated%20Hose%20Recirc%20Sys%20PMC%20AP2%2F3', 'EE-0:EE-1:EE-2:EE-3:EE-4:EE-5:EE-6:EE-7:EE-8:EE-9:EE-10:EE-11:EE-12:EE-13:', '0', '580.00', '425.00', '525.00', '425.00', '', 1, ''),
(256, '11', 'GG', '5', NULL, 'S60901-01 x 2', 'Heated%20Hose%20Recirc%20Sys%20Fusion%20AP%20-%20Dual', 'EE-0:EE-1:EE-6:EE-7:EE-8:EE-9:EE-10:EE-11:EE-12:EE-13:EE-14:EE-15:EE-16:EE-17:EE-18:EE-19:EE-20:EE-21:B-A:B-B:B-D:B-F:B-H:B-I:B-J:B-K:B-L:B-M:', '0', '1220.00', '950.00', '1110.00', '950.00', '', 1, ''),
(257, '11', 'GG', '6', NULL, 'S60901-02 x 2', 'Heated%20Hose%20Recirc%20Sys%20Fusion%20CS%20-%20Dual', 'EE-0:EE-1:EE-2:EE-3:EE-4:EE-5:EE-10:EE-11:EE-12:EE-13:EE-14:EE-15:EE-16:EE-17:EE-18:EE-19:EE-20:EE-21:B-A:B-B:B-D:B-F:B-H:B-I:B-J:B-K:B-L:B-M:', '0', '1300.00', '1050.00', '1190.00', '1050.00', '', 1, ''),
(258, '11', 'GG', '7', NULL, 'S60901-03 x 2', 'Heated%20Hose%20Recirc%20Sys%20Probler%20P2%20-%20Dual', 'EE-0:EE-1:EE-2:EE-3:EE-4:EE-5:EE-6:EE-7:EE-8:EE-9:EE-14:EE-15:EE-16:EE-17:EE-18:EE-19:EE-20:EE-21:B-A:B-B:B-D:B-F:B-H:B-I:B-J:B-K:B-L:B-M:', '0', '1220.00', '950.00', '1110.00', '950.00', '', 1, ''),
(259, '11', 'GG', '8', NULL, 'S60901-04 x 2', 'Heated%20Hose%20Recirc%20Sys%20PMC%20AP2%2F3%20-%20Dual', 'EE-0:EE-1:EE-2:EE-3:EE-4:EE-5:EE-6:EE-7:EE-8:EE-9:EE-10:EE-11:EE-12:EE-13:B-A:B-B:B-D:B-F:B-H:B-I:B-J:B-K:B-L:B-M:', '0', '1160.00', '850.00', '1050.00', '850.00', '', 1, ''),
(260, '11', 'GG', '9', NULL, '', 'Included', 'G-1:G-2:G-3:G-4:G-5:G-6:G-7:', '0', '0.00', '0.00', '0.00', '0.00', '', 1, ''),
(261, '12', 'II', '0', NULL, '', 'Shore%20Power', 'B-A:B-B:B-D:B-E:B-F:B-G:B-H:B-J::J-10:J-11', '0', '0.00', '0.00', '0.00', '0.00', '', 1, ''),
(262, '12', 'II', '1', '128', 'U90721, V10552-00', '12%20kW%201-ph%20Gas%20Portable%20Winco%20', 'B-A:B-B:B-D:B-E:B-F:B-G:B-H:B-I:B-J:B-L:B-M::J-5:J-10:J-11', '0', '5280.00', '3641.38', '4281.08', '3641.38', '', 1, ''),
(263, '12', 'II', '2', '129', 'U90717, V10552-00', '18%20kW%201-ph%20Gas%20Portable%20Winco%20Big%20Dog', 'B-A:B-B:B-D:B-E:B-F:B-G:B-H:B-J:B-K:B-L:B-M::CC-17:J-5:J-10:J-11', '0', '6115.00', '4217.24', '4958.11', '4217.24', '', 1, ''),
(264, '12', 'II', '3', '130', 'EC18000VE', '18%20kW%201-ph%20Gas%20Stationary%20Winco%20', 'B-B:B-D:B-E:B-F:B-G:B-H:B-I:B-J:B-K:B-L:B-M::CC-17:J-5:J-10:J-11', '0', '4933.33', '3402.30', '4000.00', '3402.30', '', 1, ''),
(265, '12', 'II', '4', NULL, '??', '22kW%201-ph%20Gas%20Portable%20Winco%20Big%20Dog%20%28UNAVAILABLE%29', 'B-A:B-B:B-D:B-E:B-F:B-G:B-H:B-J:B-K:B-L:B-M:BA-1:BA-2:BA-3::J-10:J-11', '0', '0.00', '0.00', '0.00', '0.00', '', 1, ''),
(266, '12', 'II', '5', NULL, 'U90725', '22kW%201-ph%20Gas%20Stationary%20Winco%20Big%20Dog', 'B-B:B-D:B-E:B-F:B-G:B-H:B-I:B-J:B-K:B-L:B-M::J-10:J-11', '0', '7158.33', '4936.78', '5804.05', '4936.78', '', 1, ''),
(267, '12', 'II', '6', NULL, 'U90724/U90762', '30kW%203-ph%20Diesel', 'B-A:B-E:B-G:B-H:B-I:B-K:B-L:B-M::CC-7:CC-8:CC-9:CC-25:CC-26:CC-27:CC-28:CC-32:CC-33:CC-34:CD-7:CD-8:CD-9:CD-25:CD-26:CD-27:CD-28:CD-32:CD-33:CD-34:J-9:J-10:J-11', '0', '18896.67', '13032.18', '15321.62', '13032.18', '', 1, ''),
(268, '12', 'II', '7', NULL, 'U90764', '40%20kW%203-ph%20Diesel', 'B-A:B-H:B-I:B-K:B-L:B-M::J-10:J-11', '0', '23691.67', '16339.08', '19209.46', '16339.08', '', 1, ''),
(269, '12', 'II', '10', NULL, 'U90768', '40%20kW%203-ph%20Diesel%20Combo%20w%2F%2010%20HP%20Screw%20Comp', 'B-A:B-H:B-I:B-K:B-L:B-M:J-0:J-1:J-2:J-3:J-4:J-5:J-6:J-8:J-9:J-11:J-12:', '0', '30166.67', '20804.60', '24459.46', '20804.60', '', 1, ''),
(270, '12', 'II', '8', NULL, 'U90765', '65%20kW%203-ph%20Diesel', 'B-A:B-H:B-I:B-K:B-L:B-M:B-J::J-10', '0', '25891.67', '17856.32', '20993.24', '17856.32', '', 1, ''),
(271, '12', 'II', '9', NULL, 'Included', '22%20kW%201-ph%20Diesel%3A%20Perkins%20%28Included%20w%20Intergrated%20Reactor%29', 'B-A:B-B:B-D:B-E:B-F:B-G:B-I:B-J:B-K:B-L:B-M::J-10:J-11', '0', '0.00', '0.00', '0.00', '0.00', '', 1, ''),
(272, '13', 'J', '0', NULL, '', 'No%20Compressor', 'B-A:B-B:B-D:B-E:B-F:B-G:B-H:B-I:B-J:B-K:B-M::II-10:H-6:H-8:H-9:H-10:L-2:LA-4:LA-5:LA-6:LA-7:LA-8:LB-1:LB-2:LB-3:LB-4:LC-1:LC-2:LC-3:LC-4:LC-5:LC-6:LC-7:LC-8:LC-9:LC-10', '0', '0.00', '0.00', '0.00', '0.00', '', 1, ''),
(273, '13', 'J', '1', '132', 'U90060', 'Gas%20Compressor%20Portable%205HP', 'B-B:B-D:B-E:B-F:B-G:B-H:B-J:B-K:B-L:B-M:KK-1:KK-3:KK-4:KK-5::II-10:H-1:H-2:H-3:H-4:H-5:H-6:H-8:H-9:H-10:L-2:LA-4:LA-5:LA-6:LA-7:LA-8:LB-1:LB-2:LB-3:LB-4:LC-1:LC-2:LC-3:LC-4:LC-5:LC-6:LC-7:LC-8:LC-9:LC-10', '0', '1533.33', '1057.47', '1243.24', '1057.47', '', 1, ''),
(274, '13', 'J', '2', '133', 'CAS-P80HG13-E', 'Gas%20Compressor%20Portable%208HP%20-%20CAS%20%28No%20Agitator%29', 'B-B:B-D:B-E:B-F:B-G:B-H:B-J:B-K:B-L:B-M:KK-1:KK-3:KK-4:KK-5::II-10:H-1:H-2:H-3:H-4:H-5:H-6:H-8:H-9:H-10:L-2:LA-4:LA-5:LA-6:LA-7:LA-8:LB-1:LB-2:LB-3:LB-4:LC-1:LC-2:LC-3:LC-4:LC-5:LC-6:LC-7:LC-8:LC-9:LC-10', '0', '2375.00', '1637.93', '1925.68', '1637.93', '', 1, ''),
(275, '13', 'J', '3', '134', 'CAS-P90HG8-CA1-E', 'Gas%20Compressor%20Portable%209HP%20Elite%20-%20CAS%20%28Agitator%29', 'B-B:B-D:B-E:B-F:B-G:B-H:B-J:B-K:B-L:B-M:KK-2:KK-3:KK-4:KK-5::II-10:H-6:H-8:H-9:H-10:L-2:LA-4:LA-5:LA-6:LA-7:LA-8:LB-1:LB-2:LB-3:LB-4:LC-1:LC-2:LC-3:LC-4:LC-5:LC-6:LC-7:LC-8:LC-9:LC-10', '0', '3750.00', '2586.21', '3040.54', '2586.21', '', 1, ''),
(276, '13', 'J', '4', '135', 'CAS-RS153H30-31E', 'Gas%20Compressor%20Portable%2013HP%20%28Not%20USED%29', 'BA-1:BA-2:BA-3::B-E:B-G:II-10:H-6:H-8:H-9:H-10:L-2:LA-4:LA-5:LA-6:LA-7:LA-8:LB-1:LB-2:LB-3:LB-4:LC-1:LC-2:LC-3:LC-4:LC-5:LC-6:LC-7:LC-8:LC-9:LC-10', '0', '4080.00', '2813.79', '3308.11', '2813.79', '', 1, ''),
(277, '13', 'J', '5', '136', 'CAS-B31V64', '3.5%20hp%20electric%3A%2060%20gal%20vertical%20%28No%20Agitator%29', 'B-B:B-D:B-E:B-F:B-G:B-H:B-I:B-L:B-M:II-1:II-2:II-3:KK-1:KK-3:KK-4:KK-5::CC-17:II-10:H-1:H-2:H-3:H-4:H-5:H-6:H-8:H-9:H-10:L-2:LA-4:LA-5:LA-6:LA-7:LA-8:LB-1:LB-2:LB-3:LB-4:LC-1:LC-2:LC-3:LC-4:LC-5:LC-6:LC-7:LC-8:LC-9:LC-10', '0', '2298.33', '1585.06', '1863.51', '1585.06', '', 1, ''),
(278, '13', 'J', '6', '137', 'CAS-B53H34-DC', '5%20hp%20electric%3A%2030%20gal%20horizontal', 'B-A:B-E:B-G:B-H:B-I:B-K:B-L:B-M:KK-0:KK-1:KK-2:KK-4:KK-5::II-10:H-2:H-3:H-4:H-5:H-6:H-8:H-9:H-10:L-2:LA-4:LA-5:LA-6:LA-7:LA-8:LB-1:LB-2:LB-3:LB-4:LC-1:LC-2:LC-3:LC-4:LC-5:LC-6:LC-7:LC-8:LC-9:LC-10', '0', '2658.33', '1833.33', '2155.41', '1833.33', '', 1, ''),
(279, '13', 'J', '8', NULL, 'Included', '5%20hp%20electric%20Hydrovane%20compressor', 'B-A:B-B:B-D:B-E:B-F:B-G:B-I:B-J:B-K:B-M:KK-0:KK-1:KK-2:KK-4:KK-5::II-10:H-1:H-2:H-3:H-4:H-5:H-6:H-8:H-9:H-10:LA-5:LA-8:LB-2:LB-4:LC-2:LC-4:LC-6:LC-8:LC-10', '0', '0.00', '0.00', '0.00', '0.00', '', 1, ''),
(280, '13', 'J', '9', NULL, 'CAS-B73H34-E-DC', '7.5%20hp%20electric%3A%2030%20gal%20horizontal', 'B-A:B-E:B-G:B-H:B-I:B-J:B-K:B-L:B-M:II-6:KK-0:KK-1:KK-2:KK-4:KK-5::II-10:H-1:H-2:H-3:H-4:H-5:LA-5:LA-8:LB-2:LB-4:LC-2:LC-4:LC-6:LC-8:LC-10', '0', '4176.67', '2880.46', '3386.49', '2880.46', '', 1, ''),
(281, '13', 'J', '10', NULL, 'Included', 'Screw%20Compressor%3A%20Included', 'B-A:B-H:B-I:B-K:B-L:B-M:II-0:II-1:II-2:II-3:II-4:II-5:II-6:II-7:II-8:II-9:KK-0:KK-1:KK-2:KK-3:KK-5::H-6:H-8:H-9:H-10', '0', '0.00', '0.00', '0.00', '0.00', '', 1, ''),
(282, '13', 'J', '11', NULL, 'CAS-B73H34-E-DC', '7.5%20hp%20electric%3A%2030%20gal%20horizontal%20-%20Dual%20%28No%20Agitator%29', 'II-0:II-1:II-2:II-3:II-4:II-5:II-6:II-7:II-9:KK-0:KK-1:KK-2:KK-4:KK-5::II-10:H-1:H-2:H-3:H-4:H-5:H-6:H-8:H-9:H-10:L-2:LA-4:LA-5:LA-6:LA-7:LA-8:LB-1:LB-2:LB-3:LB-4:LC-1:LC-2:LC-3:LC-4:LC-5:LC-6:LC-7:LC-8:LC-9:LC-10', '0', '4176.67', '2880.46', '3386.49', '2880.46', '', 1, ''),
(283, '13', 'J', '12', NULL, 'Included', '3%20hp%20Baseplate%20Compressor%20%28Included%29', 'B-A:B-B:B-D:B-E:B-F:B-G:B-H:B-I:B-J:B-L::II-10:H-1:H-2:H-3:H-4:H-5:H-6:H-8:H-9:H-10:L-2', '0', '0.00', '0.00', '0.00', '0.00', '', 1, ''),
(284, '14', 'KK', '0', NULL, '6760', '3%20Stage%20Desiccant%20Dryaire%20System', 'B-K:B-M::J-6:J-8:J-9:J-10:J-11', '0', '808.33', '557.47', '655.41', '557.47', '', 1, ''),
(285, '14', 'KK', '1', '140', 'IAT-RD25', 'Electric%20Air%20Dryer%20for%20Gas%20Compressors', 'B-K:B-M::J-1:J-2:J-5:J-6:J-8:J-9:J-10:J-11', '0', '1363.33', '940.23', '1105.41', '940.23', '', 1, ''),
(286, '14', 'KK', '2', '141', 'HTD20', 'Electric%20dryer%20for%203.5%20-%205%20hp%20and%208%20hp%20gas%20compressor', 'B-K:B-M::J-3:J-6:J-8:J-9:J-10:J-11', '0', '1923.33', '1326.44', '1559.46', '1326.44', '', 1, ''),
(287, '14', 'KK', '3', '142', 'HTD25', 'Electric%20dryer%20for%205%20hp%20-%207.5%20hp%20compressor', 'B-K:B-M::J-1:J-2:J-3:J-5:J-10', '0', '1975.00', '1362.07', '1601.35', '1362.07', '', 1, ''),
(288, '14', 'KK', '4', '143', 'DHT-50', 'Electric%20dryer%20for%20Screw%20Compressor%3A%20High%20inlet%20temp%20capable', 'B-K:B-M::J-1:J-2:J-3:J-5:J-6:J-8:J-9:J-11', '0', '2441.67', '1683.91', '1979.73', '1683.91', '', 1, ''),
(289, '14', 'KK', '5', NULL, '', 'Tusami%20Separator%20Included', 'B-A:B-B:B-D:B-E:B-F:B-G:B-H:B-I:B-J:B-L::J-1:J-2:J-3:J-5:J-6:J-8:J-9:J-10:J-11', '0', '0.00', '0.00', '0.00', '0.00', '', 1, ''),
(290, '15', 'H', '0', '122', '', 'None', '', '0', '0.00', '0.00', '0.00', '0.00', '', 1, ''),
(291, '15', 'H', '1', '123', '224854 x 1', 'Graco%20Twistork%20%28one%29', 'J-1:J-2:J-5:J-8:J-11:J-12:J-9:', '0', '1315.00', '1144.05', '1249.25', '986.25', '', 1, ''),
(292, '15', 'H', '2', '124', '224854 x 2', 'Graco%20Twistork%20%28two%29', 'B-A:B-B:B-D:B-F:B-H:B-I:B-J:B-K:B-L:B-M:CC-14:J-1:J-2:J-5:J-6:J-8:J-11:J-12:J-9:', '0', '2630.00', '2288.10', '2498.50', '1972.50', '', 1, ''),
(293, '15', 'H', '3', '125', '24C728', 'Graco%20Low%20Viscosity%20Expanding%20Blades%20Agitator', 'CC-14:J-1:J-2:J-5:J-6:J-8:J-11:J-12:J-9:', '0', '816.00', '709.92', '775.20', '612.00', '', 1, ''),
(294, '15', 'H', '4', '126', '24C729', 'Graco%20High%20Viscosity%20Expanding%20Blades%20Agitator', 'CC-14:J-1:J-2:J-5:J-6:J-8:J-11:J-12:J-9:', '0', '879.00', '615.30', '703.20', '527.40', '', 1, ''),
(295, '15', 'H', '5', NULL, '604001', 'IPM%20Agitator', 'CC-14:J-1:J-2:J-5:J-6:J-8:J-11:J-12:J-9:BA-1:BA-2:BA-3:', '0', '0.00', '0.00', '0.00', '0.00', '', 1, ''),
(296, '15', 'H', '6', NULL, '224854 x 1', 'Graco%20Twistork%20%28one%29%20-%20%287.5%20HP%20Comp%29', 'J-0:J-1:J-2:J-3:J-4:J-5:J-6:J-8:J-10:J-11:J-12:L-2:', '0', '1315.00', '1144.05', '1249.25', '986.25', '', 1, ''),
(297, '15', 'H', '8', NULL, '24C728', 'Graco%20Low%20Viscosity%20Expanding%20Blades%20Agitator%20-%20%287.5%20HP%20Comp%29', 'J-0:J-1:J-2:J-3:J-4:J-5:J-6:J-8:J-10:J-11:J-12:L-2:', '0', '816.00', '709.92', '775.20', '612.00', '', 1, ''),
(298, '15', 'H', '9', NULL, '24C729', 'Graco%20High%20Viscosity%20Expanding%20Blades%20Agitator%20-%20%287.5%20HP%20Comp%29', 'J-0:J-1:J-2:J-3:J-4:J-5:J-6:J-8:J-10:J-11:J-12:L-2:', '0', '879.00', '615.30', '703.20', '527.40', '', 1, ''),
(299, '15', 'H', '10', NULL, '6004001', 'IPM%20Agitator%20-%20%287.5%20HP%20Comp%29', 'J-0:J-1:J-2:J-3:J-4:J-5:J-6:J-8:J-10:J-11:J-12:L-2:BA-1:BA-2:BA-3:', '0', '0.00', '0.00', '0.00', '0.00', '', 1, ''),
(300, '16', 'L', '0', '145', '', 'None', ':L-2:LA-0:LA-1:LA-2:LA-3:LA-4:LA-5:LA-6:LA-7:LA-8:LB-0:LB-1:LB-2:LB-3:LB-4:LC-0:LC-1:LC-2:LC-3:LC-4:LC-5:LC-6:LC-7:LC-8:LC-9:LC-10', '0', '0.00', '0.00', '0.00', '0.00', '', 1, ''),
(301, '16', 'L', '1', '146', '', 'Low%20Pressure%20-%20Ambient%20Air%20Pump', ':LA-4:LA-5:LA-6:LA-7:LA-8:LB-5:LB-1:LB-2:LB-3:LB-4:LC-1:LC-2:LC-3:LC-4:LC-5:LC-6:LC-7:LC-8:LC-9:LC-10:LC-11', '0', '0.00', '0.00', '0.00', '0.00', '', 1, ''),
(302, '16', 'L', '2', '147', '', 'High%20Pressure%20-%20Filtration%20Panel', 'J-0:J-1:J-2:J-3:J-4:J-5:J-6:J-11:J-12:L-0::H-6:H-8:H-9:H-10:LA-0:LA-1:LA-2:LA-3:LB-0:LC-0', '0', '0.00', '0.00', '0.00', '0.00', '', 1, ''),
(303, '17', 'LA', '9', NULL, '', 'None', '', '0', '0.00', '0.00', '0.00', '0.00', '', 1, ''),
(304, '17', 'LA', '0', NULL, '9210-01', 'Allegro%20Single%20worker%20portable%20w%20100%27%20hose%20and%20mask', 'L-2:L-0:', '0', '1125.00', '956.25', '1068.75', '956.25', '', 1, ''),
(305, '17', 'LA', '1', NULL, '9210-02', 'Allegro%20dual%20worker%20portable%20w%20100%27%20hose%20and%20mask', 'L-2:L-0:', '0', '1885.00', '1602.25', '1790.75', '1602.25', '', 1, ''),
(306, '17', 'LA', '2', NULL, 'BUL-SPECLSYS', 'Bullard%20Single%20worker%20portable%20w%20100%27%20hose%20and%20mask', 'L-2:L-0:', '0', '1708.57', '1281.43', '1537.71', '1281.43', '', 1, ''),
(307, '17', 'LA', '3', NULL, 'BUL-SPECLSYS2M', 'Bullard%20dual%20worker%20portable%20w%20100%27%20hose%20and%20mask', 'L-2:L-0:', '0', '2137.66', '1603.25', '1923.89', '1603.25', '', 1, ''),
(308, '17', 'LA', '4', NULL, 'RB10200-01', 'Bullard%20Grade%20D%20CAB15%20System%201%20Man', 'L-1:J-0:J-1:J-2:J-3:J-4:J-5:J-6:J-11:CC-11:CC-12:CC-13:L-0:B-L:', '0', '2220.00', '1665.00', '1998.00', '1665.00', '', 1, ''),
(309, '17', 'LA', '5', NULL, 'RB10200-02', 'Bullard%20Grade%20D%20CAB30%20System%202%20Man', 'L-1:J-0:J-1:J-2:J-3:J-4:J-5:J-6:J-7:J-8:J-9:J-11:L-0:', '0', '2526.05', '1894.54', '2273.45', '1894.54', '', 1, ''),
(310, '17', 'LA', '6', NULL, 'RB10300-12', 'Martech%201-2%20Man%20Panel', 'L-1:J-0:J-1:J-2:J-3:J-4:J-5:J-6:J-11:L-0:', '0', '1959.00', '1665.15', '1763.10', '1665.15', '', 1, ''),
(311, '17', 'LA', '7', NULL, 'RB10400-01', 'Allegro%20Grade%20D%20System%201%20Man%20', 'L-1:J-0:J-1:J-2:J-3:J-4:J-5:J-6:J-11:CC-11:CC-12:CC-13:L-0:B-L:', '0', '1615.00', '1372.75', '1453.50', '1372.75', '', 1, ''),
(312, '17', 'LA', '8', NULL, 'RB10400-02', 'Allegro%20Grade%20D%20System%202%20Man%20', 'L-1:J-0:J-1:J-2:J-3:J-4:J-5:J-6:J-7:J-8:J-9:J-11:L-0:', '0', '1785.00', '1517.25', '1606.50', '1517.25', '', 1, ''),
(313, '18', 'LB', '0', NULL, '', 'Included', 'L-2:L-0:', '0', '0.00', '0.00', '0.00', '0.00', '', 1, ''),
(314, '18', 'LB', '5', NULL, '', 'None', 'L-1:', '0', '0.00', '0.00', '0.00', '0.00', '', 1, ''),
(315, '18', 'LB', '1', NULL, 'RB90200-01', 'Breathable%20200%27%20Hose%20%281%20Section%20-%201%20Man%29', 'L-1:J-0:J-1:J-2:J-3:J-4:J-5:J-6:J-11:L-0::LC-2:LC-4:LC-6:LC-8:LC-10', '0', '899.00', '723.05', '817.10', '723.05', '', 1, ''),
(316, '18', 'LB', '2', NULL, 'RB90200-02', 'Breathable%20200%27%20Hose%20%282%20Sections%20-%202%20Man%29', 'L-1:J-0:J-1:J-2:J-3:J-4:J-5:J-6:J-7:J-8:J-9:J-11:L-0::LC-1:LC-3:LC-5:LC-7:LC-9', '0', '1798.00', '1446.10', '1634.20', '1446.10', '', 1, ''),
(317, '18', 'LB', '3', NULL, 'RB90300-01', 'Breathable%20300%27%20Hose%20%281%20Section%20-%201%20Man%29', 'L-1:J-0:J-1:J-2:J-3:J-4:J-5:J-6:J-11:L-0::LC-2:LC-4:LC-6:LC-8:LC-10', '0', '1220.00', '979.85', '1106.00', '979.85', '', 1, ''),
(318, '18', 'LB', '4', NULL, 'RB90300-02', 'Breathable%20300%27%20Hose%20%282%20Sections%20-%202%20Man%29', 'L-1:J-0:J-1:J-2:J-3:J-4:J-5:J-6:J-7:J-8:J-9:J-11:L-0::LC-1:LC-3:LC-5:LC-7:LC-9', '0', '2440.00', '1959.70', '2212.00', '1959.70', '', 1, ''),
(319, '19', 'LC', '0', NULL, '', 'Included', 'L-2:L-0:', '0', '0.00', '0.00', '0.00', '0.00', '', 1, ''),
(320, '19', 'LC', '1', NULL, 'RB10210-01', 'Bullard%20Spec40L%20%281%20Mask%20-%201%20Man%29%20w%2F%20Tear%20Offs', 'L-1:J-0:J-1:J-2:J-3:J-4:J-5:J-6:J-11:LB-2:LB-4:L-0:', '0', '458.05', '343.54', '412.25', '343.54', '', 1, ''),
(321, '19', 'LC', '2', NULL, 'RB10210-02', 'Bullard%20Spec40L%20%282%20Masks%20-%202%20Man%29%20w%2F%20Tear%20Offs', 'L-1:J-0:J-1:J-2:J-3:J-4:J-5:J-6:J-7:J-8:J-9:J-11:LB-1:LB-3:L-0:', '0', '916.10', '687.08', '824.49', '687.08', '', 1, ''),
(322, '19', 'LC', '3', NULL, 'RB10410-01', 'Allegro%20%281%20Mask%20-%201%20Man%29%20w%2F%20Tear%20Offs', 'L-1:J-0:J-1:J-2:J-3:J-4:J-5:J-6:J-11:LB-2:LB-4:L-0:', '0', '278.71', '236.90', '250.84', '236.90', '', 1, ''),
(323, '19', 'LC', '4', NULL, 'RB10410-02', 'Allegro%20%282%20Masks%20-%202%20Man%29%20w%2F%20Tear%20Offs', 'L-1:J-0:J-1:J-2:J-3:J-4:J-5:J-6:J-7:J-8:J-9:J-11:LB-1:LB-3:L-0:', '0', '557.43', '473.82', '501.69', '473.82', '', 1, ''),
(324, '19', 'LC', '5', NULL, 'RB10510-01', '3M%206800%20Mask%20w%2F%20Dual%20Airline%20Kit%20%281%20Mask%20-%201%20Man%29%20w%2F%20Tear%20Offs', 'L-1:J-0:J-1:J-2:J-3:J-4:J-5:J-6:J-11:LB-2:LB-4:L-0:', '0', '576.11', '432.08', '518.50', '432.08', '', 1, ''),
(325, '19', 'LC', '6', NULL, 'RB10510-02', '3M%206800%20Mask%20w%2F%20Dual%20Airline%20Kit%20%282%20Masks%20-%202%20Man%29%20w%2F%20Tear%20Offs', 'L-1:J-0:J-1:J-2:J-3:J-4:J-5:J-6:J-7:J-8:J-9:J-11:LB-1:LB-3:L-0:', '0', '1152.23', '864.17', '1037.01', '864.17', '', 1, ''),
(326, '19', 'LC', '7', NULL, 'RB10601-01', 'Honeywell%20-%20RU65001L%20%281%20Mask%20-%201%20Man%29', 'L-1:J-0:J-1:J-2:J-3:J-4:J-5:J-6:J-11:LB-2:LB-4:L-0:', '0', '431.00', '301.70', '366.35', '301.70', '', 1, ''),
(327, '19', 'LC', '8', NULL, 'RB10601-02', 'Honeywell%20-%20RU65001L%20%282%20Masks%20-%202%20Man%29', 'L-1:J-0:J-1:J-2:J-3:J-4:J-5:J-6:J-7:J-8:J-9:J-11:LB-1:LB-3:L-0:', '0', '862.00', '603.40', '732.70', '603.40', '', 1, ''),
(328, '19', 'LC', '9', NULL, 'RB10602-01', 'Honeywell%20-%20RU65002L%20%281%20Mask%20-%201%20Man%29', 'L-1:J-0:J-1:J-2:J-3:J-4:J-5:J-6:J-11:LB-2:LB-4:L-0:', '0', '453.00', '317.10', '385.05', '317.10', '', 1, ''),
(329, '19', 'LC', '10', NULL, 'RB10602-02', 'Honeywell%20-%20RU65002L%20%282%20Masks%20-%202%20Man%29', 'L-1:J-0:J-1:J-2:J-3:J-4:J-5:J-6:J-7:J-8:J-9:J-11:LB-1:LB-3:L-0:', '0', '906.00', '634.20', '770.10', '634.20', '', 1, ''),
(330, '19', 'LC', '11', NULL, '', 'None', 'L-1:', '0', '0.00', '0.00', '0.00', '0.00', '', 1, ''),
(331, '20', 'MM', '0', '153', '', 'None', 'B-L:B-M:', '0', '0.00', '0.00', '0.00', '0.00', '', 1, ''),
(332, '20', 'MM', '1', '154', 'U92110', '110%20volt%20electric', 'B-K:B-L:B-M:B-H:B-I:B-J:', '0', '440.00', '385.00', '440.00', '385.00', '', 1, ''),
(333, '20', 'MM', '2', '155', 'U92110, OVS-BS-BL', '110%20volt%20electric%2C%20surface%20mount', 'B-K:B-L:B-M:B-A:B-B:B-D:B-E:B-F:B-G:', '0', '470.00', '415.00', '470.00', '415.00', '', 1, ''),
(334, '20', 'MM', '3', '156', 'U90010', 'AirTronic%20Heat%20System%20D5', 'CC-11:CC-12:CC-13:B-K:B-L:B-M:', '0', '4900.00', '4400.00', '4900.00', '4400.00', '', 1, ''),
(335, '20', 'MM', '4', NULL, 'U90009', 'AirTronic%20Heat%20System%20D4', 'B-A:B-B:B-D:B-E:B-F:B-G:B-I:B-J:B-L:B-M:', '0', '4700.00', '4200.00', '4700.00', '4200.00', '', 1, ''),
(336, '20', 'MM', '5', NULL, '', 'Not%20Applicable', 'B-A:B-B:B-D:B-E:B-F:B-G:B-H:B-I:B-J:B-K:', '0', '0.00', '0.00', '0.00', '0.00', '', 1, ''),
(337, '21', 'N', '0', '158', '', 'None', 'B-K:B-L:B-M:', '0', '0.00', '0.00', '0.00', '0.00', '', 1, ''),
(338, '21', 'N', '1', '159', 'U90070', '110%20volt%20roof%20mounted%20AC%20w%20heat', 'CC-12:CC-13:B-K:B-L:B-M::CC-17', '0', '1109.00', '971.00', '971.00', '971.00', '', 1, ''),
(339, '21', 'N', '2', NULL, '', 'Not%20Available', 'B-A:B-B:B-D:B-E:B-F:B-G:B-H:B-I:B-J:B-L:B-M:', '0', '0.00', '0.00', '0.00', '0.00', '', 1, ''),
(340, '21', 'N', '3', NULL, '', 'Not%20Applicable', 'B-A:B-B:B-D:B-E:B-F:B-G:B-H:B-I:B-J:B-K:', '0', '0.00', '0.00', '0.00', '0.00', '', 1, '');

/*!40101 SET CHARACTER_SET_CLIENT=@OLD_CHARACTER_SET_CLIENT */;
/*!40101 SET CHARACTER_SET_RESULTS=@OLD_CHARACTER_SET_RESULTS */;
/*!40101 SET COLLATION_CONNECTION=@OLD_COLLATION_CONNECTION */;
